Region,State,Site Name,Site ID,EPA ID,Address,City,Zip,County,FF Ind,NAI,Native American Entity (NAI Status),Latitude,Longitude,NPL Status Date
01,CT,CHESHIRE GROUND WATER CONTAMINATION,0100265,CTD981067317,604 WEST JOHNSON AVENUE,CHESHIRE,06410,NEW HAVEN,N,N,,+41.557500,-72.910833,07/02/97
01,CT,NUTMEG VALLEY ROAD,0100250,CTD980669261,NUTMEG VALLEY ROAD,WOLCOTT,06716,NEW HAVEN,N,N,,+41.574800,-072.998600,09/23/05
01,CT,OLD SOUTHINGTON LANDFILL,0100251,CTD980670806,OLD TURNPIKE RD,SOUTHINGTON,06489,HARTFORD,N,N,,+41.579169,-72.881939,09/12/18
01,CT,REVERE TEXTILE PRINTS CORP.,0100121,CTD004532610,RAILROAD AVENUE,STERLING,06377,WINDHAM,N,N,,41.708331,-71.829169,09/02/94
01,MA,CANNON ENGINEERING CORP. (CEC),0100585,MAD079510780,FIRST ST,BRIDGEWATER,02324,PLYMOUTH,N,N,,+41.972700,-071.025600,09/24/13
01,MA,FORT DEVENS-SUDBURY TRAINING ANNEX,0100685,MAD980520670,HUDSON RD,SUDBURY,01775,MIDDLESEX,Y,N,,42.406944,-71.475278,01/29/02
01,MA,HATHEWAY & PATTERSON,0102724,MAD001060805,15 COUNTY ROAD,MANSFIELD,02048,BRISTOL,N,N,,+42.038194,-71.222500,02/16/18
01,MA,MATERIALS TECHNOLOGY LABORATORY (USARMY),0100953,MA0213820939,OFF OF US HWY 20/N BEACON ST,WATERTOWN,02172,MIDDLESEX,Y,N,,42.360416,-71.166111,11/21/06
01,MA,NORWOOD PCBS,0100732,MAD980670566,NEAR RTE 1 & DEAN STREET,NORWOOD,02062,NORFOLK,N,N,,42.180831,-071.192500,05/31/11
01,MA,PLYMOUTH HARBOR/CANNON ENGINEERING CORP.,0100726,MAD980525232,CORDAGE PARK,PLYMOUTH,02360,PLYMOUTH,N,N,,+41.979600,-070.685400,11/19/93
01,MA,SALEM ACRES,0100727,MAD980525240,57 MARLBORO RD,SALEM,01970,ESSEX,N,N,,+42.503000,-070.931300,07/23/01
01,MA,SHPACK LANDFILL,0100655,MAD980503973,UNION RD,NORTON/ATTLEBORO,02703,BRISTOL,N,N,,41.943331,-71.235000,09/05/17
01,ME,MCKIN CO.,0101027,MED980524078,MAYALL RD,GRAY,04039,CUMBERLAND,N,N,,+43.884100,-70.294200,08/17/22
01,ME,O'CONNOR CO.,0101031,MED980731475,"EASTERN AVE, RT 17",AUGUSTA,04330,KENNEBEC,N,N,,44.301916,-69.736944,07/22/14
01,ME,PINETTE'S SALVAGE YARD,0101036,MED980732291,GARDNER CREEK RD,WASHBURN,04786,AROOSTOOK,N,N,,+46.778200,-068.170100,09/30/02
01,ME,PORTSMOUTH NAVAL SHIPYARD,0101072,ME7170022019,SEAVEY ISLAND,KITTERY,03904,YORK,Y,N,,+43.084167,-70.741666,02/16/24
01,ME,SACO TANNERY WASTE PITS,0101014,MED980520241,FLAG POND RD,SACO,04072,YORK,N,N,,+43.560550,-70.426389,09/29/99
01,ME,"UNION CHEMICAL CO., INC.",0100989,MED042143883,RTE 17,SOUTH HOPE,04862,KNOX,N,N,,+44.214440,-69.189027,09/21/18
01,NH,TOWN GARAGE/RADIO BEACON,0101162,NHD981063860,HOLTON CIRCLE,LONDONDERRY,03053,ROCKINGHAM,N,N,,42.861669,-71.393611,07/21/14
01,RI,DAVIS (GSR) LANDFILL,0101292,RID980731459,TARKILN RD.,GLOCESTER,02828,PROVIDENCE,N,N,,41.917469,-71.588111,08/13/99
01,VT,DARLING HILL DUMP,0101477,VTD980520118,OFF RTE 114,LYNDON,05851,CALEDONIA,N,N,,+44.554500,-071.984400,09/29/99
01,VT,"TANSITOR ELECTRONICS, INC.",0101435,VTD000509174,WEST RD,BENNINGTON,05201,BENNINGTON,N,N,,42.877781,-73.266669,09/29/99
02,NJ,ASBESTOS DUMP,0200769,NJD980654149,TIFA SQUARE,MILLINGTON,07946,MORRIS,N,N,,+40.672500,-74.525561,07/12/10
02,NJ,BEACHWOOD/BERKELEY WELLS,0200767,NJD980654123,ATLANTIC CITY BLVD,BERKELEY TOWNSHIP,08722,OCEAN,N,N,,39.924719,-74.196661,01/06/92
02,NJ,COMBE FILL NORTH LANDFILL,0200719,NJD980530596,GOLDMINE ROAD,MOUNT OLIVE TOWNSHIP,07828,MORRIS,N,N,,40.881939,-74.713331,06/02/04
02,NJ,COOPER ROAD,0200793,NJD980761381,COOPER ROAD,VOORHEES TOWNSHIP,08043,CAMDEN,N,N,,+39.847800,-074.945500,02/22/89
02,NJ,CROWN VANTAGE LANDFILL,0204492,NJN000204492,ADJ. TO DELAWARE RIVER 1/2 MI. SOUTH OF  BOUNDARY LINE W/MILFORD BOROUGH,ALEXANDRIA TOWNSHIP,08848,HUNTERDON,N,N,,40.552028,-75.078917,08/28/15
02,NJ,DELILAH ROAD,0200614,NJD980529002,DELILAH & MILL ROADS,EGG HARBOR TOWNSHIP,08221,ATLANTIC,N,N,,39.416669,-74.545831,10/13/09
02,NJ,DENZER & SCHAFER X-RAY CO.,0200321,NJD046644407,HICKORY LANE,BAYVILLE,08721,OCEAN,N,N,,39.909169,-74.170831,12/29/98
02,NJ,FEDERAL CREOSOTE,0204097,NJ0001900281,VALERIE DRIVE & LOUISE DRIVE,MANVILLE,08835,SOMERSET,N,N,,40.544444,-74.584167,06/18/14
02,NJ,"FLORENCE LAND RECONTOURING, INC., LANDFILL",0200625,NJD980529143,CEDAR LANE EXT,FLORENCE TOWNSHIP,08518,BURLINGTON,N,N,,40.069439,-74.773611,05/13/04
02,NJ,FORT DIX (LANDFILL SITE),0201164,NJ2210020275,JULIUSTOWN-BROWNS MILLS RD,PEMBERTON TOWNSHIP,08562,BURLINGTON,Y,N,,+39.980100,-074.624400,09/24/12
02,NJ,FRIEDMAN PROPERTY,0200741,NJD980532832,INTERSECTION OF RTS 537 & 539,UPPER FREEHOLD TWP,08514,MONMOUTH,N,N,,+40.104800,-074.507700,03/07/86
02,NJ,GLEN RIDGE RADIUM SITE,0200996,NJD980785646,CARTERET ST,GLEN RIDGE,07028,ESSEX,N,N,,40.788189,-074.212500,09/02/09
02,NJ,GRAND STREET MERCURY,0204030,NJ0001327733,722 GRAND STREET,HOBOKEN,07030,HUDSON,N,N,,40.746111,-74.034444,09/18/07
02,NJ,HOPKINS FARM,0200742,NJD980532840,ROUTE 539,PLUMSTEAD TOWNSHIP,08533,OCEAN,N,N,,40.088889,-074.487500,08/27/02
02,NJ,INDUSTRIAL LATEX CORP.,0201073,NJD981178411,350 MT. PLEASANT AVENUE,WALLINGTON BOROUGH,07057,BERGEN,N,N,,+40.853600,-074.099100,04/21/03
02,NJ,JACKSON TOWNSHIP LANDFILL,0200549,NJD980505283,LAKEHURST AVENUE,JACKSON TOWNSHIP,08527,OCEAN,N,N,,40.063331,-74.348611,09/13/95
02,NJ,KRYSOWATY FARM,0200670,NJD980529838,HACKENBERRY & 3 BRIDGES,HILLSBOROUGH TOWNSHIP,08853,SOMERSET,N,N,,40.500281,-074.780000,02/22/89
02,NJ,LIPARI LANDFILL,0200557,NJD980505416,RT 322,MANTUA TOWNSHIP,08071,GLOUCESTER,N,N,,39.720281,-75.141939,08/16/24
02,NJ,LODI MUNICIPAL WELL,0200825,NJD980769301,VARIOUS LOC IN BORO,LODI,07644,BERGEN,N,N,,40.872919,-74.093611,12/29/98
02,NJ,M&T DELISA LANDFILL,0200474,NJD085632164,RTS 35 & 66,ASBURY PARK,07755,MONMOUTH,N,N,,40.229169,-74.045281,03/21/91
02,NJ,MANNHEIM AVENUE DUMP,0200773,NJD980654180,MANNHEIM AVENUE,GALLOWAY TOWNSHIP,08213,ATLANTIC,N,N,,39.538889,-74.533331,08/27/07
02,NJ,MONROE TOWNSHIP LANDFILL,0200570,NJD980505671,MATCHAPONIX AVE. BLOCK 148 LOT B7,MONROE TOWNSHIP,08831,MIDDLESEX,N,N,,40.361669,-74.401389,02/03/94
02,NJ,MONTCLAIR/WEST ORANGE RADIUM SITE,0200997,NJD980785653,N/A,MONTCLAIR/WEST ORANGE,07044,ESSEX,N,N,,+40.792900,-074.225700,09/02/09
02,NJ,PEPE FIELD,0200653,NJD980529598,WOOTTON & HILLSIDE,BOONTON,07005,MORRIS,N,N,,40.912219,-74.411939,07/11/03
02,NJ,PIJAK FARM,0200738,NJD980532808,FISCHER ROAD,PLUMSTEAD TOWNSHIP,08533,OCEAN,N,N,,+40.075550,-74.499439,03/03/97
02,NJ,POMONA OAKS RESIDENTIAL WELLS,0200830,NJD980769350,ROUTES 575 & 30,GALLOWAY TOWNSHIP,08240,ATLANTIC,N,N,,39.477781,-74.569439,05/07/98
02,NJ,REICH FARMS,0200662,NJD980529713,LAKEWOOD RD,PLEASANT PLAINS,08753,OCEAN,N,N,,+40.010600,-74.214900,09/14/21
02,NJ,"RENORA, INC.",0200429,NJD070415005,83 SOUTH MAIN ST,EDISON TOWNSHIP,08837,MIDDLESEX,N,N,,40.519628,-74.358889,03/20/00
02,NJ,SAYREVILLE LANDFILL,0200572,NJD980505754,JERNEES MILL RD,SAYREVILLE,08872,MIDDLESEX,N,N,,40.445561,-74.358331,09/29/11
02,NJ,SOUTH BRUNSWICK LANDFILL,0200724,NJD980530679,NEW ROAD,SOUTH BRUNSWICK,08852,MIDDLESEX,N,N,,40.402781,-074.568050,02/27/98
02,NJ,SPENCE FARM,0200739,NJD980532816,ROUTE 528 & MOOREHOUSE ROAD,PLUMSTEAD TOWNSHIP,08533,OCEAN,N,N,,+40.078900,-074.506100,03/03/97
02,NJ,TABERNACLE DRUM DUMP,0200790,NJD980761357,"RD3, CARRANZA ROAD",TABERNACLE TOWNSHIP,08088,BURLINGTON,N,N,,+39.820000,-74.700839,05/08/08
02,NJ,UPPER DEERFIELD TOWNSHIP SANITARY LANDFILL,0200794,NJD980761399,HUSTED STATION RD,UPPER DEERFIELD TOWNSHIP,08302,CUMBERLAND,N,N,,39.494169,-75.184719,06/09/00
02,NJ,VINELAND STATE SCHOOL,0200675,NJD980529887,EAST LANDIS AVE,VINELAND,08360,CUMBERLAND,N,N,,39.486111,-74.991669,05/07/98
02,NJ,"W.R. GRACE & CO., INC./WAYNE INTERIM STORAGE SITE (USDOE)",0202931,NJ1891837980,868 BLACK OAK RIDGE ROAD,WAYNE TOWNSHIP,07470,PASSAIC,Y,N,,40.969014,-74.270327,09/30/12
02,NJ,WILSON FARM,0200740,NJD980532824,HAWKINS ROAD,PLUMSTEAD TOWNSHIP,08533,,N,N,,40.072219,-74.445269,09/08/09
02,NJ,WITCO CHEMICAL CORP. (OAKLAND PLANT),0200316,NJD045653854,100 BAUER DR,OAKLAND,07436,BERGEN,N,N,,+41.003750,-074.243750,09/29/95
02,NY,"ACTION ANODIZING, PLATING, & POLISHING CORP.",0202634,NYD072366453,33 DIXON AVE.,COPIAGUE,11701,SUFFOLK,N,N,,40.684439,-73.406111,09/29/95
02,NY,ANCHOR CHEMICALS,0201324,NYD001485226,500 WEST JOHN STREET,HICKSVILLE,11801,NASSAU,N,N,,40.766389,-73.546389,09/30/99
02,NY,BATAVIA LANDFILL,0201766,NYD980507693,GALLOWAY & KELSEY RD,BATAVIA,14020,GENESEE,N,N,,+43.019700,-078.256100,11/29/05
02,NY,BEC TRUCKING,0202235,NYD980768675,STEWART RD,VESTAL,13850,BROOME,N,N,,42.097639,-75.998339,10/14/92
02,NY,"BIOCLINICAL LABORATORIES, INC.",0202236,NYD980768683,1585-I SMITHTOWN AVE,BOHEMIA,11716,SUFFOLK,N,N,,40.783331,-73.110281,09/09/94
02,NY,C & J DISPOSAL LEASING CO. DUMP,0202366,NYD981561954,ROUTE 12B,HAMILTON,13346,MADISON,N,N,,+42.863800,-075.568700,09/20/94
02,NY,CLOTHIER DISPOSAL,0201192,NYD000511576,SOUTH GRANBY ROAD COUNTY ROAD 55,TOWN OF GRANBY,13069,OSWEGO,N,N,,43.247219,-76.412781,02/08/96
02,NY,CONKLIN DUMPS,0202329,NYD981486947,ROUTE 7,CONKLIN,13748,BROOME,N,N,,+42.050000,-075.818050,04/25/97
02,NY,CONSOLIDATED IRON AND METAL,0204175,NY0002455756,EAST END OF WASHINGTON STREET,NEWBURGH,12550,ORANGE,N,N,,41.498028,-74.005639,12/03/14
02,NY,ELLENVILLE SCRAP IRON AND METAL,0204190,NYSFN0204190,34 CAPE ROAD,ELLENVILLE,12428,ULSTER,N,N,,+41.724028,-74.405500,09/24/19
02,NY,FMC CORP. (DUBLIN ROAD LANDFILL),0201207,NYD000511857,DUBLIN ROAD,TOWN OF SHELBY,14103,ORLEANS,N,N,,+43.217200,-78.441700,09/21/20
02,NY,FULTON TERMINALS,0202125,NYD980593099,RTE 57,FULTON,13069,OSWEGO,N,N,,+43.356900,-76.427400,07/20/18
02,NY,HAVILAND COMPLEX,0202284,NYD980785661,ROUTE 9G & HAVILAND ROAD,TOWN OF HYDE PARK,12538,DUTCHESS,N,N,,+41.771111,-73.908061,08/16/23
02,NY,HITEMAN LEATHER,0202360,NYD981560915,173 SOUTH STREET,WEST WINFIELD,13491,HERKIMER,N,N,,42.883333,-75.195833,02/13/11
02,NY,HOOKER (102ND STREET),0201706,NYD980506810,102 ST,NIAGARA FALLS,14304,NIAGARA,N,N,,43.070281,-78.942219,08/05/04
02,NY,HOOKER (HYDE PARK),0201306,NYD000831644,HYDE PARK BLVD,NIAGARA FALLS,14304,NIAGARA,N,Y,Seneca Nation of Indians (Former),43.131111,-79.036669,10/23/13
02,NY,JACKSON STEEL,0204218,NYD001344456,435 FIRST STREET,MINEOLA/NORTH HEMPSTEAD,11501,NASSAU,N,N,,40.738806,-73.652694,09/26/16
02,NY,JONES SANITATION,0202045,NYD980534556,CARDINAL RD,HYDE PARK,12538,DUTCHESS,N,N,,+41.795000,-073.902000,09/23/05
02,NY,KATONAH MUNICIPAL WELL,0202269,NYD980780795,JAY STREET,TOWN OF BEDFORD,10536,WESTCHESTER,N,N,,41.259169,-73.682911,03/20/00
02,NY,KENMARK TEXTILE CORP.,0201614,NYD075784165,921 CONKLIN ST (P.O. BOX 298),FARMINGDALE,11735,SUFFOLK,N,N,,+40.738400,-073.426400,05/01/95
02,NY,LOVE CANAL,0201290,NYD000606947,E OF 97TH ST/W OF 99TH ST,NIAGARA FALLS,14304,NIAGARA,N,N,,43.079719,-078.949450,09/30/04
02,NY,LUDLOW SAND & GRAVEL,0201507,NYD013468939,HOLMAN CITY RD,CLAYVILLE,13322,ONEIDA,N,N,,42.959169,-75.226389,12/02/13
02,NY,MARATHON BATTERY CORP.,0201491,NYD010959757,KEMBLE AVENUE,COLD SPRINGS,10516,PUTNAM,N,N,,41.416111,-73.954719,10/18/96
02,NY,NIAGARA COUNTY REFUSE,0201266,NYD000514257,WITMER RD,WHEATFIELD,14150,NIAGARA,N,N,,+43.060550,-78.906111,07/30/04
02,NY,NORTH SEA MUNICIPAL LANDFILL,0202198,NYD980762520,MAJORS PATH,NORTH SEA,11968,SUFFOLK,N,N,,40.929161,-72.401389,09/27/05
02,NY,"PASLEY SOLVENTS & CHEMICALS, INC.",0202422,NYD991292004,565 COMMERCIAL AVENUE,HEMPSTEAD,11530,NASSAU,N,N,,40.729169,-73.612219,09/26/11
02,NY,PETER COOPER,0201887,NYD980530265,PALMER STREET,GOWANDA,14070,CATTARAUGUS,N,Y,Seneca Nation of Indians (Current),+42.458778,-78.927583,09/30/19
02,NY,PETER COOPER CORPORATION (MARKHAMS),0202124,NYD980592547,BENTLY ROAD,DAYTON,14138,CATTARAUGUS,N,N,,42.392897,-79.012572,09/20/10
02,NY,PFOHL BROTHERS LANDFILL,0201751,NYD980507495,PFOHL RD,CHEEKTOWAGA,14225,ERIE,N,N,,42.943889,-078.702500,09/22/08
02,NY,"RADIUM CHEMICAL CO., INC.",0202850,NYD001667872,66-06 27TH STREET,QUEENS,11377,QUEENS,N,N,,+40.760000,-073.902500,03/24/95
02,NY,SMITHTOWN GROUND WATER CONTAMINATION,0204148,NY0002318889,"ST. JAMES, NISSEQUOGUE & HEAD OF HARBOR",SMITHTOWN,11780,SUFFOLK,N,N,,+40.887806,-73.174778,08/16/23
02,NY,"SMS INSTRUMENTS, INC.",0201325,NYD001533165,120 MARCUS BLVD,DEER PARK,11729,SUFFOLK,N,N,,40.760002,-73.318491,09/13/10
02,NY,SUFFERN VILLAGE WELL FIELD,0202277,NYD980780878,NORTH END OF RAMAPO AVENUE,VILLAGE OF SUFFERN,10901,ROCKLAND,N,N,,+41.116200,-074.159000,05/28/93
02,NY,SYOSSET LANDFILL,0201187,NYD000511360,150 MILLER PLACE,OYSTER BAY,11791,NASSAU,N,N,,40.798889,-73.509719,04/28/05
02,NY,"TRONIC PLATING CO., INC.",0201346,NYD002059517,168 CENTRAL AVENUE,FARMINGDALE,11735,SUFFOLK,N,N,,+40.753800,-073.407700,10/15/01
02,NY,VESTAL WATER SUPPLY WELL 4-2,0202152,NYD980652267,605 VESTAL PKWY,VESTAL,13850,BROOME,N,N,,42.110281,-75.997219,09/30/99
02,NY,WARWICK LANDFILL,0201695,NYD980506679,PENALUNA RD/OLD TUXEDO/DUTCH H,WARWICK,10990,ORANGE,N,N,,41.238889,-074.270000,07/06/01
02,NY,WIDE BEACH DEVELOPMENT,0202151,NYD980652259,WIDE BEACH RD,BRANT,14081,ERIE,N,Y,Seneca Nation of Indians (Former),42.586669,-79.128611,08/30/94
02,PR,BARCELONETA LANDFILL,0202486,PRD980509129,"ROAD # 666,FLORIDA AFUERA WARD",FLORIDA AFUERA,00617,,N,N,,+18.410550,-66.547781,10/03/11
02,PR,FRONTERA CREEK,0202550,PRD980640965,"RIO ABAJO NEAR ROUTE 3, KM 76.9 - 78.6",RIO ABAJO,00661,HUMACAO,N,N,,+18.151950,-65.790281,12/29/98
02,PR,GE WIRING DEVICES,0202464,PRD090282757,KM 67 CARRETERA NO 149,JUANA DIAZ,00795,,N,N,,18.059439,-66.508889,10/16/00
02,PR,HORMIGAS GROUND WATER PLUME,0206359,PRN000206359,CARRETERA 785 KM 4.9,CAGUAS,00725,CAGUAS,N,N,,+18.220600,-66.101000,09/18/20
02,PR,NAVAL SECURITY GROUP ACTIVITY,0202698,PR4170027383,BTW DE DIEGO EXSPRESSWAY & INGENIO RD.,SABANA SECA,00749,,Y,N,,18.433061,-66.190281,10/07/98
02,PR,RCA DEL CARIBE,0202466,PRD090370537,PR RD #2 KM 59.5,BARCELONETA,00617,,N,N,,+18.430000,-66.580561,06/17/05
02,PR,V&M/ALBALADEJO,0202869,PRD987366101,ROAD 160,ALMIRANTE NORTE WARD,00693,VEGA BAJA,N,N,,+18.410000,-066.380000,10/22/01
02,VI,ISLAND CHEMICAL CORP/VIRGIN ISLANDS CHEMICAL CORP.,0202651,VID980651095,MELVIN-EVANS HIGHWAY (ROUTE 66),CHRISTIANSTED,00820,ST. CROIX,N,N,,17.709722,-64.790833,10/16/09
03,DE,"CHEM-SOLV, INC.",0300124,DED980714141,176A N DUPONT HIGHWAY,DOVER,19901,KENT,N,N,,+39.221600,-75.576400,08/17/22
03,DE,COKER'S SANITATION SERVICE LANDFILLS,0300097,DED980704860,COUNTY RTE 152,CHESWOLD,19936,KENT,N,N,,39.227219,-75.611389,08/02/11
03,DE,NEW CASTLE SPILL,0300069,DED058980442,900 WILMINGTON ROAD,NEW CASTLE,19720,NEW CASTLE,N,N,,39.670281,-75.561669,06/12/96
03,DE,NEW CASTLE STEEL,0300106,DED980705255,9TH & WASHINGTON STREET,NEW CASTLE,19720,NEW CASTLE,N,N,,39.657781,-75.577769,03/17/89
03,DE,SEALAND LIMITED,0300137,DED981035520,ROUTE 896 + 15,MIDDLETOWN,19709,NEW CASTLE,N,N,,+39.512600,-75.710000,07/01/97
03,DE,SUSSEX COUNTY LANDFILL NO. 5,0300089,DED980494637,"BETWEEN CNTY RD 494, CNTY RD 497, SH 24",LAUREL,19956,SUSSEX,N,N,,+38.535000,-75.614169,09/28/01
03,DE,TYLER REFRIGERATION PIT,0300111,DED980705545,GLENWOOD AVE,SMYRNA,19977,KENT,N,N,,39.295281,-75.618889,03/29/04
03,DE,WILDCAT LANDFILL,0300101,DED980704951,LEBANON RD,DOVER,19901,KENT,N,N,,39.120831,-75.500000,03/14/03
03,MD,"CHEMICAL METALS INDUSTRIES, INC.",0300289,MDD980555478,2001 & 2103 ANNAPOLIS RD,BALTIMORE,21230,BALTIMORE CITY,N,N,,39.265419,-76.632500,12/30/82
03,MD,"MID-ATLANTIC WOOD PRESERVERS, INC.",0300243,MDD064882889,P O BOX 58 SHIPLEY AVE,HARMANS,21077,ANNE ARUNDEL,N,N,,39.163611,-76.698331,07/18/00
03,MD,MIDDLETOWN ROAD DUMP,0300313,MDD980705099,MIDDLETOWN RD,ANNAPOLIS,21401,ANNE ARUNDEL,N,N,,39.031004,-76.467145,04/18/88
03,MD,SOUTHERN MARYLAND WOOD TREATING,0300305,MDD980704852,STATE ROUTE 235,HOLLYWOOD,20636,ST. MARY'S,N,N,,+38.358900,-76.588200,04/05/05
03,PA,ALADDIN PLATING,0301099,PAD075993378,1 LAYTON RD,SCOTT TOWNSHIP,18411,LACKAWANNA,N,N,,41.491939,-75.662781,11/16/01
03,PA,AMBLER ASBESTOS PILES,0300445,PAD000436436,LOCUST STREET,AMBLER,19002,MONTGOMERY,N,N,,40.149719,-75.227219,12/27/96
03,PA,"AMP, INC. (GLEN ROCK FACILITY)",0300911,PAD041421223,OLD RTE 11 - SUSQUEHANNA RD,GLEN ROCK,17327,YORK,N,N,,+39.821800,-76.694400,10/02/96
03,PA,AUSTIN AVENUE RADIATION SITE,0304433,PAD987341716,133 AUSTIN AVE.,DELAWARE COUNTY,19050,DELAWARE,N,N,,39.943056,-75.261944,04/18/02
03,PA,BERKLEY PRODUCTS CO. DUMP,0301290,PAD980538649,RD 2,DENVER,17517,LANCASTER,N,N,,+40.255550,-76.155281,03/19/07
03,PA,BERKS LANDFILL,0300473,PAD000651810,RD 8348,SPRING TOWNSHIP,19608,BERKS,N,N,,40.291389,-76.031111,11/14/08
03,PA,BRODHEAD CREEK,0301433,PAD980691760,S OF MAIN ST BRG,STROUDSBURG,18360,MONROE,N,N,,40.989719,-75.186669,07/23/01
03,PA,BRUIN LAGOON,0301546,PAD980712855,RTE 268,BRUIN BOROUGH,16022,BUTLER,N,N,,41.051111,-79.725000,09/18/97
03,PA,BUTLER MINE TUNNEL,0301208,PAD980508451,SUSQUEHANNA RIVER,PITTSTON TOWNSHIP,18640,LUZERNE,N,N,,+41.326800,-75.789900,09/14/21
03,PA,C & D RECYCLING,0300881,PAD021449244,R.D. #1 - SANDY RUN,FOSTER TOWNSHIP,18224,LUZERNE,N,N,,+41.031389,-75.841669,02/26/18
03,PA,CRAIG FARM DRUM,0301212,PAD980508527,630 Bruin Queenstown Road,PARKER,16049,ARMSTRONG,N,N,,+41.044600,-79.682500,09/30/13
03,PA,DORNEY ROAD LANDFILL,0301228,PAD980508832,DORNEY RD,UPPER MACUNGIE TOWNSHIP,19539,LEHIGH,N,N,,+40.527781,-75.654169,09/24/18
03,PA,ENTERPRISE AVENUE,0301408,PAD980552913,ENTERPRISE AVE,PHILADELPHIA,19153,PHILADELPHIA,N,N,,+39.885000,-75.212500,03/07/86
03,PA,HEBELKA AUTO SALVAGE YARD,0301568,PAD980829329,UNOBTAINABLE,WEISENBERG TOWNSHIP,18062,LEHIGH,N,N,,40.576669,-75.667781,09/20/99
03,PA,HRANICA LANDFILL,0301218,PAD980508618,HRANICA DRIVE,BUFFALO TOWNSHIP,16055,BUTLER,N,N,,40.677219,-79.749439,09/18/97
03,PA,LACKAWANNA REFUSE,0301220,PAD980508667,SOUTH KEYSER AVENUE,OLD FORGE,18518,LACKAWANNA,N,N,,+41.373050,-75.755281,09/28/99
03,PA,LANSDOWNE RADIATION SITE,0301596,PAD980830921,105/107 E STRATFORD AVE,LANSDOWNE,19050,DELAWARE,N,N,,+39.941300,-75.267100,09/10/91
03,PA,LEHIGH ELECTRIC & ENGINEERING CO.,0301543,PAD980712731,BRIDGE & HOWARD STS,OLD FORGE,18518,LACKAWANNA,N,N,,41.357531,-75.740689,03/07/86
03,PA,MCADOO ASSOCIATES,0301540,PAD980712616,US 309 & OFF RAMP OF I 81,MCADOO BOROUGH,18237,SCHUYLKILL,N,N,,40.878331,-76.001389,12/13/01
03,PA,"METROPOLITAN MIRROR AND GLASS CO., INC.",0303257,PAD982366957,INDUSTRIAL ROAD,FRACKVILLE,17931,SCHUYLKILL,N,N,,+40.775000,-76.221667,08/16/05
03,PA,MIDDLETOWN AIR FIELD,0301295,PAD980538763,APPROX 1 MLE OFF RTE 230,MIDDLETOWN,17057,DAUPHIN,N,N,,+40.176300,-76.717300,07/10/97
03,PA,MOYERS LANDFILL,0301226,PAD980508766,2 MOYER RD,EAGLEVILLE,19426,MONTGOMERY,N,N,,40.155561,-75.433611,05/27/14
03,PA,PRESQUE ISLE,0301229,PAD980508865,ROUTE 6N/PRESQUE ISLE ST PARK,ERIE,16505,ERIE,N,N,,+42.149700,-80.133300,02/13/89
03,PA,PUBLICKER INDUSTRIES INC.,0303196,PAD981939200,3223 S DELAWARE AVENUE,PHILADELPHIA,19148,PHILADELPHIA,N,N,,+39.908050,-75.135281,11/01/00
03,PA,RECTICON/ALLIED STEEL CORP.,0300596,PAD002353969,RTE 724 & WELLS RD,E COVENTRY TWP,19457,CHESTER,N,N,,+40.203469,-75.589031,09/14/18
03,PA,REESER'S LANDFILL,0301566,PAD980829261,OLD RTE 22,UPPER MACUNGIE TWP,18051,LEHIGH,N,N,,+40.579400,-75.656400,05/31/90
03,PA,RESIN DISPOSAL,0301042,PAD063766828,TOP OF STILLEY AVENUE,JEFFERSON BOROUGH,15025,ALLEGHENY,N,N,,+40.270500,-79.912400,10/21/03
03,PA,"RIVER ROAD LANDFILL (WASTE MANAGEMENT, INC.)",0300446,PAD000439083,RTE 846 RIVER RD,HERMITAGE,16148,MERCER,N,N,,41.266669,-80.487500,01/29/04
03,PA,ROUTE 940 DRUM DUMP,0301831,PAD981034630,OFF RTE 940,POCONO SUMMIT,18350,MONROE,N,N,,+41.110500,-75.382500,11/30/00
03,PA,STRASBURG LANDFILL,0300449,PAD000441337,STRASBURG ROAD,NEWLIN TOWNSHIP,19320,CHESTER,N,N,,+39.944439,-75.768061,09/05/19
03,PA,TAYLOR BOROUGH DUMP,0301506,PAD980693907,PRINCE STREET,TAYLOR BOROUGH,18517,LACKAWANNA,N,N,,41.407219,-75.718331,09/30/99
03,PA,VOORTMAN FARM,0301453,PAD980692719,VERA CRUZ RD,UPPER SAUCON TWP,18034,LEHIGH,N,N,,+40.547000,-75.447500,05/31/89
03,PA,WADE (ABM),0301343,PAD980539407,1 FLOWER STREET,CHESTER,19013,DELAWARE,N,N,,+39.833700,-75.377500,03/23/89
03,PA,WESTLINE,0301444,PAD980692537,OFF OF OLD ROUTE 219,WESTLINE,16740,MCKEAN,N,N,,41.774719,-78.771669,10/14/92
03,PA,YORK COUNTY SOLID WASTE AND REFUSE AUTHORITY LANDFILL,0301590,PAD980830715,ROAD #3 - BOX 426,HOPEWELL TOWNSHIP,17363,YORK,N,N,,39.782361,-76.607219,02/14/05
03,VA,"C & R BATTERY CO., INC.",0302581,VAD049957913,1320 BELLWOOD RD,CHESTERFIELD COUNTY,23237,CHESTERFIELD,N,Y,Chickahominy Indian Tribe (Current); Upper Mattaponi Tribe (Current),+37.418000,-77.415000,08/17/22
03,VA,DIXIE CAVERNS COUNTY LANDFILL,0302680,VAD980552095,RTE 778,SALEM,24153,ROANOKE,N,N,,37.259719,-80.193611,09/28/01
03,VA,FIRST PIEDMONT CORP. ROCK QUARRY (ROUTE 719),0302708,VAD980554984,RTE 360 STATE RD 719,PITTSYLVANIA COUNTY,24540,PITTSYLVANIA,N,Y,Monacan Indian Nation (Current),+36.665831,-79.348611,08/24/20
03,VA,MATTHEWS ELECTROPLATING,0302757,VAD980712970,ROUTE 796,ROANOKE,24153,ROANOKE,N,N,,+37.256900,-80.167500,01/19/89
03,VA,RHINEHART TIRE FIRE DUMP,0302772,VAD980831796,MT FALLS,FREDERICK COUNTY,22602,FREDERICK,N,N,,39.188333,-78.310429,09/30/05
03,VA,SUFFOLK CITY LANDFILL,0302775,VAD980917983,UNOBTAINABLE,SUFFOLK,23434,SUFFOLK CITY,N,N,,+36.678400,-76.583900,01/24/95
03,WV,FOLLANSBEE,0302894,WVD004336749,NEAR BENCH MARK 681,FOLLANSBEE,26037,BROOKE,N,N,,40.340281,-80.606939,01/16/04
03,WV,LEETOWN PESTICIDE,0303045,WVD980693402,ROAD 15/1 MIDDLEWAY AREA,LEETOWN,25430,JEFFERSON,N,N,,+39.346500,-77.909500,08/29/96
03,WV,ORDNANCE WORKS DISPOSAL AREAS,0302884,WVD000850404,1100 DUPONT RD,MORGANTOWN,26505,MONONGALIA,N,N,,+39.603331,-79.979719,08/21/18
04,AL,MOWBRAY ENGINEERING CO.,0404343,ALD031618069,JCT OF 2ND & BEELAND STS,GREENVILLE,36037,BUTLER,N,N,,31.831669,-86.613050,12/30/93
04,AL,PERDIDO GROUND WATER CONTAMINATION,0404345,ALD980728703,COUNTY RD 47 S,PERDIDO,36562,BALDWIN,N,N,,+31.012500,-87.625000,05/16/17
04,AL,"REDWING CARRIERS, INC. (SARALAND)",0400417,ALD980844385,527 US HWY 43,SARALAND,36571,MOBILE,N,N,,30.808331,-88.073061,09/28/15
04,FL,ALPHA CHEMICAL CORP.,0400623,FLD041495441,4620 N GALLOWAY RD,LAKELAND,33810,POLK,N,N,,28.100831,-82.009719,06/28/95
04,FL,ANACONDA ALUMINUM CO./MILGO ELECTRONICS CORP.,0400581,FLD020536538,3630 NW 76TH ST,MIAMI,33147,MIAMI-DADE,N,N,,25.843061,-80.256531,07/09/98
04,FL,"B&B CHEMICAL CO., INC.",0400566,FLD004574190,875 W 20TH ST,HIALEAH,33010,MIAMI-DADE,N,N,,25.839581,-80.300139,08/05/14
04,FL,BEULAH LANDFILL,0400836,FLD980494660,ROUTE 9 US HWY 90,PENSACOLA,32506,ESCAMBIA,N,N,,30.513061,-87.345139,06/22/98
04,FL,BMI-TEXTRON,0400668,FLD052172954,1121 SILVER BEACH RD,LAKE PARK,33403,PALM BEACH,N,N,,+26.793700,-80.073800,11/18/02
04,FL,BROWN WOOD PRESERVING,0400917,FLD980728935,JCT GOLDKISS BLVD & SNOWMILL,LIVE OAK,32060,SUWANNEE,N,N,,+30.302500,-83.013050,09/22/95
04,FL,CALLAWAY & SON DRUM SERVICE,0400792,FLD094590916,890 EAST LAKE ALFRED DRIVE,LAKE ALFRED,33850,POLK,N,N,,28.098056,-81.714722,08/04/09
04,FL,"CHEMFORM, INC.",0400756,FLD080174402,1410 SW 8TH ST,POMPANO BEACH,33069,BROWARD,N,N,,26.219055,-80.141374,07/28/00
04,FL,COLEMAN-EVANS WOOD PRESERVING CO.,0401202,FLD991279894,101 CELERY ST,WHITEHOUSE,32220,DUVAL,N,N,,30.313889,-81.842781,05/27/14
04,FL,DAVIE LANDFILL,0400897,FLD980602288,Vista View Park 4001 SW 142nd Ave.,DAVIE,33330,BROWARD,N,N,,+26.069600,-80.342600,08/21/06
04,FL,DUBOSE OIL PRODUCTS CO.,0400492,FLD000833368,HWY C97,CANTONMENT,32533,ESCAMBIA,N,N,,30.618061,-87.376950,10/01/04
04,FL,FAIRFAX ST. WOOD TREATERS,0410582,FLD000623041,2610 FAIRFAX STREET,JACKSONVILLE,32209,DUVAL,N,N,,+30.354092,-81.686394,08/18/20
04,FL,GOLD COAST OIL CORP.,0400736,FLD071307680,2835 SW 71 AVE,MIAMI,33155,MIAMI-DADE,N,N,,+25.743400,-80.311200,10/09/96
04,FL,HIPPS ROAD LANDFILL,0400908,FLD980709802,HIPPS RD,DUVAL COUNTY,32222,DUVAL,N,N,,30.216939,-81.805561,02/27/11
04,FL,KASSAUF-KIMERLING BATTERY DISPOSAL,0400914,FLD980727820,The end of N. 58th St. north of E. Columbus Dr.,TAMPA,33619,HILLSBOROUGH,N,N,,27.967219,-82.390000,10/02/00
04,FL,MUNISPORT LANDFILL,0400769,FLD084535442,152ND ST NE & BISCAYNE BLVD,NORTH MIAMI,33161,MIAMI-DADE,N,N,,25.908331,-80.154169,09/24/99
04,FL,NORTHWEST 58TH STREET LANDFILL,0400900,FLD980602643,NW 58TH ST,HIALEAH,33012,MIAMI-DADE,N,N,,25.833331,-80.347219,10/11/96
04,FL,PARRAMORE SURPLUS,0400622,FLD041140344,US HWY 90 W,MOUNT PLEASANT,32352,GADSDEN,N,N,,30.660689,-84.693750,02/21/89
04,FL,PIONEER SAND CO.,0400684,FLD056116965,5800 Saufley Pines Road,PENSACOLA,32526,ESCAMBIA,N,N,,30.474169,-87.351389,02/08/93
04,FL,SCHUYLKILL METALS CORP.,0400710,FLD062794003,402 S WOODROW WILSON DR,PLANT CITY,33566,HILLSBOROUGH,N,N,,28.010831,-82.143061,08/22/01
04,FL,SIXTY-SECOND STREET DUMP,0400916,FLD980728877,2914 N. 62nd Street,TAMPA,33619,HILLSBOROUGH,N,N,,27.969439,-82.386389,10/01/99
04,FL,STANDARD AUTO BUMPER CORP.,0400554,FLD004126520,2500 WEST 3RD COURT,HIALEAH,33010,MIAMI-DADE,N,N,,25.844444,-80.289721,10/26/07
04,FL,"TRI-CITY OIL CONSERVATIONIST, INC",0400733,FLD070864541,8767 1/2 N 50TH ST,TAMPA,33617,HILLSBOROUGH,N,N,,+28.031800,-82.401500,09/01/88
04,FL,VARSOL SPILL,0400898,FLD980602346,MIAMI INT'L AIRPORT,MIAMI,33166,MIAMI-DADE,N,N,,+25.804700,-80.277200,09/01/88
04,FL,WHITEHOUSE OIL PITS,0400901,FLD980602767,ONE HALF MILE N OF HWY 90,WHITEHOUSE,32220,DUVAL,N,N,,+30.320100,-81.851300,09/19/18
04,FL,"WILSON CONCEPTS OF FLORIDA, INC.",0404399,FLD041184383,1408 SW 8TH STREET,POMPANO BEACH,33069,BROWARD,N,N,,26.218675,-80.142768,04/04/95
04,FL,WOODBURY CHEMICAL CO. (PRINCETON PLANT),0400563,FLD004146346,13920 SW 248TH ST,PRINCETON,33032,MIAMI-DADE,N,N,,+25.536700,-80.412400,11/27/95
04,FL,YELLOW WATER ROAD,0400933,FLD980844179,1190 YELLOW WATER ROAD,BALDWIN,32234,DUVAL,N,N,,+30.280300,-81.971700,05/18/99
04,GA,"CEDARTOWN INDUSTRIES, INC.",0401627,GAD095840674,404 S. FURNACE STREET,CEDARTOWN,30125,POLK,N,N,,+34.008200,-85.263600,09/19/06
04,GA,CEDARTOWN MUNICIPAL LANDFILL,0401660,GAD980495402,WEST OF N. TENTH ST AND GIRARD AVE,CEDARTOWN,30125,POLK,N,N,,34.015969,-85.282639,03/10/99
04,GA,"LUMINOUS PROCESSES, INC.",0401841,GAD990855819,US HWY 78 & 29 4 MILES W,ATHENS,30622,CLARKE,N,N,,33.940281,-83.471950,12/30/82
04,GA,MONSANTO CORP. (AUGUSTA PLANT),0401299,GAD001700699,1610 MARVIN GRIFFIN RD,AUGUSTA,30906,RICHMOND,N,N,,+33.389450,-81.993061,03/09/98
04,GA,POWERSVILLE SITE,0401668,GAD980496954,GA HWY 49 N,BYRON,31008,PEACH,N,N,,+32.608890,-83.793600,11/01/10
04,KY,A.L. TAYLOR (VALLEY OF DRUMS),0402072,KYD980500961,ST HWY 1020,BROOKS,40165,BULLITT,N,N,,38.081939,-85.725000,05/17/96
04,KY,AIRCO,0401977,KYD041981010,HWY 1523,CALVERT CITY,42029,MARSHALL,N,N,,+37.049600,-88.322500,09/14/21
04,KY,BRANTLEY LANDFILL,0402076,KYD980501019,6875 HWY-85 East,ISLAND,42350,MCLEAN,N,N,,+37.446250,-87.156111,08/17/22
04,KY,FORT HARTFORD COAL CO. STONE QUARRY,0402171,KYD980844625,1881 Underwood RD,OLATON,42361,OHIO,N,N,,+37.538889,-86.702769,08/16/23
04,KY,GENERAL TIRE & RUBBER CO. (MAYFIELD LANDFILL),0401932,KYD006371074,1 GENERAL ST,MAYFIELD,42066,GRAVES,N,N,,+36.790600,-88.635800,10/27/00
04,KY,HOWE VALLEY LANDFILL,0402090,KYD980501191,HAWKINS DR,HOWE VALLEY,42732,HARDIN,N,N,,+37.668500,-86.124200,07/26/96
04,KY,LEE'S LANE LANDFILL,0402104,KYD980557052,LEES LN @ OHIO RIV,LOUISVILLE,40216,JEFFERSON,N,N,,38.191111,-85.883061,04/25/96
04,KY,NATIONAL SOUTHWIRE ALUMINUM CO.,0401991,KYD049062375,JCT KY HWY 271 & 334,HAWESVILLE,42348,HANCOCK,N,N,,37.944999,-86.787778,10/05/15
04,KY,NEWPORT DUMP,0405547,KYD985066380,LICKING PIKE AND QUEEN CITY AV,NEWPORT,41072,CAMPBELL,N,N,,39.070725,-84.491228,06/03/96
04,KY,RED PENN SANITATION CO. LANDFILL,0404239,KYD981469794,SR 362 (ASH AVE),PEEWEE VALLEY,40014,OLDHAM,N,N,,+38.288100,-85.465400,09/14/01
04,MS,DAVIS TIMBER COMPANY,0404172,MSD046497012,107 JACKSON STREET,HATTIESBURG,39401,LAMAR,N,N,,+31.345192,-89.404461,09/25/18
04,MS,FLOWOOD SITE,0402473,MSD980710941,STATE HWY 468,FLOWOOD,39208,RANKIN,N,N,,+32.300000,-90.145839,02/16/96
04,MS,"NEWSOM BROTHERS/OLD REICHHOLD CHEMICALS, INC.",0402479,MSD980840045,WADE ST & PEARL ST,COLUMBIA,39429,MARION,N,N,,31.244719,-89.826939,09/27/00
04,MS,RED PANTHER CHEMICAL COMPANY,0402231,MSD000272385,1201 NORMANDY AVENUE,CLARKSDALE,38614,COAHOMA,N,N,,+34.187408,-90.561625,09/30/20
04,MS,WALCOTTE CHEMICAL CO. WAREHOUSES,0402466,MSD980601736,NORTH & ALEXANDER STS,GREENVILLE,38701,WASHINGTON,N,N,,+33.411000,-91.053800,12/30/82
04,NC,"MARTIN-MARIETTA, SODYECO, INC.",0402588,NCD001810365,HWY 27 W,CHARLOTTE,28214,MECKLENBURG,N,N,,+35.294450,-81.000000,01/20/12
04,NC,NEW HANOVER CNTY AIRPORT BURN PIT,0403120,NCD981021157,GARDNER DRIVE,WILMINGTON,28401,NEW HANOVER,N,N,,+34.275000,-77.915281,09/20/12
04,NC,REASOR CHEMICAL COMPANY,0405590,NCD986187094,NC 132,CASTLE HAYNE,28429,NEW HANOVER,N,N,,+34.343472,-77.891944,09/25/18
04,NC,ROADSIDE PCB SPILL,0403068,NCD980602163,210 MILES OF NC HWY,210 MILES OF ROADS,27589,WARREN,N,N,,+36.338100,-78.166100,03/07/86
04,SC,GEIGER (C & M OIL),0403400,SCD980711279,OFF SC RT 162,HOLLYWOOD,29449,CHARLESTON,N,N,,32.773611,-80.159161,01/06/14
04,SC,GOLDEN STRIP SEPTIC TANK SERVICE,0403404,SCD980799456,ROUTE 1 ADAMS MILL RD,SIMPSONVILLE,29681,GREENVILLE,N,N,,+34.785000,-82.246600,09/10/98
04,SC,INDEPENDENT NAIL CO.,0403262,SCD004773644,40 Shanklin Road,BEAUFORT,29902,BEAUFORT,N,N,,32.466389,-80.741111,04/03/95
04,SC,"KOPPERS CO., INC. (FLORENCE PLANT)",0403251,SCD003353026,KOPPERS RD,FLORENCE,29503,FLORENCE,N,N,,+34.202200,-79.722900,09/13/13
04,SC,"PALMETTO RECYCLING, INC.",0403274,SCD037398120,531 KOON STORE RD,COLUMBIA,29203,RICHLAND,N,N,,+34.122800,-81.011700,10/13/00
04,SC,ROCHESTER PROPERTY,0403415,SCD980840698,JCT LEDBETTER & WHITE HORSE ROAD,TRAVELERS REST,29690,GREENVILLE,N,N,,+34.971900,-82.501500,10/09/07
04,TN,AMNICOLA DUMP,0404007,TND980729172,AMNICOLA HWY,CHATTANOOGA,37406,HAMILTON,N,N,,+35.062500,-85.276389,04/30/96
04,TN,CHEMET CO.,0405468,TND987768546,Postal Address is unavailable for the Site,MOSCOW,38057,FAYETTE,N,N,,+35.083610,-89.372499,10/09/96
04,TN,GALLAWAY PITS,0404005,TND980728992,OFF HWY 70,GALLAWAY,38036,FAYETTE,N,N,,35.359719,-89.601939,04/29/96
04,TN,ICG ISELIN RAILROAD YARD,0405179,TND987767795,ISELIN ST,JACKSON,38301,MADISON,N,N,,+35.602500,-88.797689,01/07/02
04,TN,LEWISBURG DUMP,0404006,TND980729115,CRUSHER RD,LEWISBURG,37091,MARSHALL,N,N,,35.481389,-86.784161,02/21/96
04,TN,NORTH HOLLYWOOD DUMP,0403873,TND980558894,1700-2000 BLKS/N. HOLLYWOOD ST,MEMPHIS,38108,SHELBY,N,N,,+35.185550,-89.979161,12/31/97
04,TN,TENNESSEE PRODUCTS,0403765,TND071516959,Postal Address is unavailable for the Site,CHATTANOOGA,37410,HAMILTON,N,N,,+34.998889,-85.314444,08/16/19
05,IL,"A & F MATERIAL RECLAIMING, INC.",0500534,ILD980397079,WEST CUMBERLAND,GREENUP,62428,CUMBERLAND,N,N,,+39.243900,-88.174000,06/11/12
05,IL,BELVIDERE MUNICIPAL LANDFILL,0500542,ILD980497663,APPLETON RD,BELVIDERE,61008,BOONE,N,N,,+42.264300,-88.872300,02/09/15
05,IL,DUPAGE COUNTY LANDFILL/BLACKWELL FOREST PRESERVE,0500606,ILD980606305,ROUTE 56,WARRENVILLE,60555,DUPAGE,N,N,,+41.832600,-88.178700,09/08/20
05,IL,ILADA ENERGY CO.,0500942,ILD980996789,ROUTE 3,EAST CAPE GIRARDEAU,62957,ALEXANDER,N,N,,+37.258400,-89.463500,01/08/01
05,IL,KERR-MCGEE (REED-KEPPLER PARK),0500761,ILD980824007,NEAR JCT OF YALE & NATIONAL,WEST CHICAGO,60185,DUPAGE,N,N,,41.891939,-88.208339,02/08/10
05,IL,KERR-MCGEE (SEWAGE TREATMENT PLANT),0500763,ILD980824031,Near Junction of Yale Street & National Street,WEST CHICAGO,60185,DUPAGE,N,N,,+41.863590,-88.193140,04/22/13
05,IL,PETERSEN SAND & GRAVEL,0500127,ILD003817137,ILLINOIS ROUTES 21 & 137,LIBERTYVILLE,60048,LAKE,N,N,,42.315831,-087.953700,02/11/91
05,IN,BENNETT STONE QUARRY,0501343,IND006418651,ST RTE 37 & ST RTE 46,BLOOMINGTON,47401,MONROE,N,N,,+39.190200,-86.561200,09/14/21
05,IN,CARTER LEE LUMBER CO.,0501376,IND016395899,1621 WEST WASHINGTON STREET,INDIANAPOLIS,46222,MARION,N,N,,+39.765400,-86.191800,07/09/96
05,IN,COLUMBUS OLD MUNICIPAL LANDFILL #1,0501673,IND980607626,3RD ST BRIDGE AT WHITE RIVER,COLUMBUS,47201,BARTHOLOMEW,N,N,,+39.197400,-85.926000,01/24/14
05,IN,INTERNATIONAL MINERALS (E. PLANT),0502150,INT190010876,LOCKPORT RD,TERRE HAUTE,47802,VIGO,N,N,,39.437781,-87.391389,02/11/91
05,IN,LEMON LANE LANDFILL,0501812,IND980794341,LEMON LANE,BLOOMINGTON,47401,MONROE,N,N,,+39.173100,-86.559800,09/14/21
05,IN,NEAL'S DUMP (SPENCER),0501817,IND980794549,T9N R4W SEC 12,SPENCER,47460,OWEN,N,N,,+39.238100,-086.796800,10/04/99
05,IN,NEAL'S LANDFILL (BLOOMINGTON),0501759,IND980614556,approx. '7052-7964 In-48',BLOOMINGTON,47404,MONROE,N,N,,+39.166700,-86.640500,09/14/21
05,IN,POER FARM,0501805,IND980684583,CO RD 1050E & CR 400N,HANCOCK COUNTY,46117,HANCOCK,N,N,,39.844719,-85.605281,02/11/91
05,IN,SOUTHSIDE SANITARY LANDFILL,0501655,IND980607360,2561 KENTUCKY AVENUE,INDIANAPOLIS,46221,MARION,N,N,,39.716111,-086.205000,07/03/97
05,IN,TRI-STATE PLATING,0501308,IND006038764,1716 KELLER AVE,COLUMBUS,47201,BARTHOLOMEW,N,N,,+39.216400,-085.900700,07/14/97
05,IN,"WASTE, INC., LANDFILL",0501630,IND980504005,1701 EAST US 12,MICHIGAN CITY,46360,LA PORTE,N,N,,41.721669,-086.880000,10/20/08
05,IN,"WEDZEB ENTERPRISES, INC.",0501815,IND980794374,320 SOUTH BALLARD STREET,LEBANON,46052,BOONE,N,N,,+40.045300,-086.472300,09/10/91
05,IN,WHITEFORD SALES & SERVICE INC. /NATIONALEASE,0501978,IND980999791,2020 WEST SAMPLE STREET,SOUTH BEND,46619,ST. JOSEPH,N,N,,41.663889,-86.280281,09/06/96
05,MI,ANDERSON DEVELOPMENT CO.,0502220,MID002931228,1415 EAST MICHIGAN STREET,ADRIAN,49221,LENAWEE,N,N,,41.893611,-84.017219,01/26/96
05,MI,"AVENUE ""E"" GROUND WATER CONTAMINATION",0503006,MID980791461,AVENUE E,TRAVERSE CITY,49684,GRAND TRAVERSE,N,N,,44.750719,-85.577500,03/20/07
05,MI,"BARRELS, INC.",0502424,MID017188673,1404 NORTH LARCH STREET,LANSING,48906,INGHAM,N,N,,+42.749031,-84.543331,09/14/21
05,MI,BERLIN & FARRO,0502172,MID000605717,8322 S MOORISH RD,SWARTZ CREEK,48473,GENESEE,N,N,,+42.904000,-83.834800,06/24/98
05,MI,BURROWS SANITATION,0502733,MID980410617,ME1/4 SEC10 R16W T3S,HARTFORD,49057,VAN BUREN,N,N,,+42.223300,-86.150200,07/14/15
05,MI,"CARTER INDUSTRIALS, INC.",0502729,MID980274179,4690 HUMBOLDT,DETROIT,48208,WAYNE,N,N,,42.345281,-83.091669,03/25/97
05,MI,CEMETERY DUMP,0503025,MID980794663,8905 N MILFORD RD,ROSE CENTER,48442,OAKLAND,N,N,,42.725281,-83.610281,04/19/95
05,MI,CHARLEVOIX MUNICIPAL WELL,0503013,MID980794390,LAKE SHORE DRIVE,CHARLEVOIX,49720,CHARLEVOIX,N,Y,"Little Traverse Bay Bands of Odawa Indians, Michigan (Current)",45.317781,-85.266669,12/02/93
05,MI,CLIFF/DOW DUMP,0502860,MID980608970,CO RD 550 1/2MI N DEAD RIV,MARQUETTE,49855,MARQUETTE,N,N,,46.574439,-87.420000,11/17/00
05,MI,DUELL & GARDNER LANDFILL,0502793,MID980504716,1285 E BARD RD,DALTON TOWNSHIP,49445,MUSKEGON,N,N,,+43.319439,-86.208339,09/30/19
05,MI,FOLKERTSMA REFUSE,0502876,MID980609366,1426 PANNELL ROAD NORTHWEST,GRAND RAPIDS,49504,KENT,N,N,,43.001669,-85.703331,04/10/96
05,MI,GRATIOT COUNTY GOLF COURSE,0503022,MID980794531,EDGEWOOD GOLF COURSE,ST. LOUIS,48880,GRATIOT,N,N,,+43.416419,-84.623469,09/08/83
05,MI,H & K SALES,0507645,MI0001271535,BRIDGE STREET,BELDING,48809,IONIA,N,N,,43.098611,-85.228333,05/21/98
05,MI,KENT CITY MOBILE HOME PARK,0503350,MID981089915,135 SOUTH MAIN STREET,KENT CITY,49330,KENT,N,N,,43.216669,-85.753331,03/20/95
05,MI,LOWER ECORSE CREEK DUMP,0506252,MID985574227,Postal Address is unavailable for the Site,WYANDOTTE,48192,WAYNE,N,N,,42.234166,-83.157777,07/01/05
05,MI,MASON COUNTY LANDFILL,0503019,MID980794465,W1/4 NE1/4 T18N R18W,PERE MARQUETTE TWP,49431,MASON,N,N,,+43.918500,-86.429200,09/09/99
05,MI,METAL WORKING SHOP,0503169,MID980992952,REYNOLDS ROAD,LAKE ANN,49650,BENZIE,N,N,,+44.730000,-85.857500,12/23/92
05,MI,NOVACO INDUSTRIES,0502651,MID084566900,9411 SUMMERFIELD ROAD,TEMPERANCE,48182,MONROE,N,N,,+41.785600,-083.644300,07/14/98
05,MI,OSSINEKE GROUND WATER CONTAMINATION,0503017,MID980794440,US 23 N OF NICHOLSON ROAD,OSSINEKE,49766,ALPENA,N,N,,44.903331,-83.442219,01/31/96
05,MI,SPIEGELBERG LANDFILL,0503021,MID980794481,SPICER RD,GREEN OAK TOWNSHIP,48116,LIVINGSTON,N,N,,42.454169,-83.772219,06/13/11
05,MI,WASTE MANAGEMENT OF MICHIGAN (HOLLAND LAGOONS),0502568,MID060179587,2700 N 168TH ST,HOLLAND,49424,OTTAWA,N,N,,42.824219,-86.189389,01/14/13
05,MI,WHITEHALL MUNICIPAL WELLS,0502993,MID980701254,718 EAST COLBY,WHITEHALL,49461,MUSKEGON,N,N,,43.412219,-86.328889,02/11/91
05,MN,ADRIAN MUNICIPAL WELL FIELD,0503898,MND980904023,ADRIAN CITY LIMITS,ADRIAN,56110,NOBLES,N,N,,43.638219,-95.934000,12/30/92
05,MN,AGATE LAKE SCRAPYARD,0503896,MND980898068,WESTERN SHORE OF AGATE LAKE,FAIRVIEW TOWNSHIP,56473,CASS,N,N,,46.453561,-94.375831,08/01/97
05,MN,ARROWHEAD REFINERY CO.,0503894,MND980823975,NW CORNER HWY 53 & UGSTAD ROAD,HERMANTOWN,55810,ST. LOUIS,N,N,,+46.837700,-92.239800,09/14/21
05,MN,"BOISE CASCADE/ONAN CORP./MEDTRONICS, INC.",0503776,MND053417515,1400 73RD AVENUE NE,FRIDLEY,55432,ANOKA,N,N,,45.095831,-93.233331,02/15/95
05,MN,DAKHUE SANITARY LANDFILL,0503946,MND981191570,260TH & HOGAN AVE,CANNON FALLS,55031,DAKOTA,N,N,,+44.571800,-92.927700,07/24/95
05,MN,EAST BETHEL DEMOLITION LANDFILL,0503926,MND981088180,HWY 65 AT 22 1ST AVE,EAST BETHEL TOWNSHIP,55011,ANOKA,N,N,,+45.365300,-93.224600,05/07/96
05,MN,FRIDLEY COMMONS PARK WELL FIELD,0506449,MND985701309,"61ST AVENUE, NE & 7TH STREET, NE",FRIDLEY,55432,ANOKA,N,N,,+45.080556,-93.255556,09/30/20
05,MN,KOCH REFINING CO./N-REN CORP.,0503686,MND000686071,12555 US HIGHWAY 55,ROSEMOUNT,55068,DAKOTA,N,N,,+44.768400,-93.040600,06/15/95
05,MN,KUMMER SANITARY LANDFILL,0503900,MND980904049,ANNE ST,BEMIDJI,56601,BELTRAMI,N,N,,47.506531,-94.892719,04/26/96
05,MN,LAGRAND SANITARY LANDFILL,0503937,MND981090483,1MI N OF I-94 W OF CSAH 40,LAGRAND TOWNSHIP,56308,DOUGLAS,N,N,,+45.900000,-95.496669,10/23/97
05,MN,MORRIS ARSENIC DUMP,0503891,MND980792287,ADJACENT TO HWY 28 & HWY 59,MORRIS,56267,STEVENS,N,N,,+45.606600,-95.884500,03/07/86
05,MN,NL INDUSTRIES/TARACORP/GOLDEN AUTO,0503817,MND097891634,7003 WEST LAKE STREET,ST. LOUIS PARK,55426,HENNEPIN,N,N,,44.936111,-93.363611,05/21/98
05,MN,NUTTING TRUCK & CASTER CO.,0503705,MND006154017,1201 WEST DIVISION STREET,FARIBAULT,55021,RICE,N,N,,+44.289169,-93.286389,11/24/17
05,MN,OAK GROVE SANITARY LANDFILL,0503901,MND980904056,2536 VIKING BLVD NORTHWEST,OAK GROVE TOWNSHIP,55011,ANOKA,N,N,,+45.317000,-093.331700,10/17/96
05,MN,OLMSTED COUNTY SANITARY LANDFILL,0503697,MND000874354,1MI EAST HWY 52 1/2MI NORTH HWY 154,ORONOCO,55960,OLMSTED,N,N,,44.130861,-92.500639,02/15/95
05,MN,PINE BEND SANITARY LANDFILL,0503678,MND000245795,2495 E 117TH ST,DAKOTA COUNTY,55075,DAKOTA,N,N,,44.784719,-093.050550,06/23/98
05,MN,ST. AUGUSTA SANITARY LANDFILL/ENGEN DUMP,0503925,MND981002256,"EAST OF I-94, WEST OF RAILROAD",ST. AUGUSTA TOWNSHIP,56301,STEARNS,N,N,,45.481669,-094.135000,11/14/96
05,MN,TWIN CITIES AIR FORCE RESERVE BASE (SMALL ARMS RANGE LANDFILL),0504012,MN8570024275,MINNEAPOLIS ST PAUL IAP,MINNEAPOLIS,55450,HENNEPIN,Y,N,,44.863061,-93.204719,12/16/96
05,MN,UNION SCRAP IRON & METAL CO.,0503754,MND022949192,1608 WASHINGTON AVENUE,MINNEAPOLIS,55411,HENNEPIN,N,N,,44.995561,-93.280561,09/10/91
05,MN,UNIVERSITY OF MINNESOTA (ROSEMOUNT RESEARCH CENTER),0503878,MND980613780,15325 BABCOCK AVE,ROSEMOUNT,55068,DAKOTA,N,N,,44.719439,-93.072811,02/06/01
05,MN,WASHINGTON COUNTY LANDFILL,0503888,MND980704738,LAKE JANE ROAD & JAMACA AVENUE,LAKE ELMO,55042,WASHINGTON,N,N,,45.008639,-92.918139,05/16/96
05,MN,WASTE DISPOSAL ENGINEERING,0503834,MND980609119,14435 NW CROSSTOWN BLVD,ANDOVER,55304,ANOKA,N,N,,+45.228000,-093.312200,06/05/96
05,MN,WHITTAKER CORP.,0503730,MND006252233,3134 CALIFORNIA STREET,MINNEAPOLIS,55418,HENNEPIN,N,N,,45.026389,-93.270839,02/11/99
05,MN,WINDOM DUMP,0503823,MND980034516,NEAR LAKEVIEW AVE,WINDOM,56101,COTTONWOOD,N,N,,+43.868750,-95.100939,10/06/00
05,OH,ALSCO ANACONDA,0504385,OHD057243610,ONE ANACONDA DR,GNADENHUTTEN,44629,TUSCARAWAS,N,N,,40.361111,-81.440831,11/05/01
05,OH,ARCANUM IRON & METAL,0504287,OHD017506171,POP-RITE LN 5MI OFF RTE 49,DARKE COUNTY,45304,DARKE,N,N,,+39.981950,-84.549161,08/31/01
05,OH,BOWERS LANDFILL,0504541,OHD980509616,ROCK ISLAND ROAD,CIRCLEVILLE,43113,PICKAWAY,N,N,,+39.637500,-82.965281,10/29/97
05,OH,BUCKEYE RECLAMATION,0504544,OHD980509657,STATE ROUTE 214 1MI SOUTH OF I-90,ST. CLAIRSVILLE,43950,BELMONT,N,N,,+40.047219,-80.841669,09/30/19
05,OH,CHEMICAL & MINERALS RECLAMATION,0504722,OHD980614549,5418 CRESCENT AVENUE,CLEVELAND,44102,CUYAHOGA,N,N,,41.490361,-81.725031,12/30/82
05,OH,COSHOCTON LANDFILL,0504558,OHD980509830,19233 OHIO STATE ROUTE 83,FRANKLIN TOWNSHIP,43812,COSHOCTON,N,N,,+40.225000,-81.848611,10/07/98
05,OH,LASKIN/POPLAR OIL CO.,0504401,OHD061722211,717 N POPLAR STREET,JEFFERSON TOWNSHIP,44047,ASHTABULA,N,N,,+41.743600,-80.781500,09/05/00
05,OH,REPUBLIC STEEL CORP. QUARRY,0504850,OHD980903447,525 15TH STREET,ELYRIA,44035,LORAIN,N,N,,41.356189,-82.117839,11/12/02
05,OH,"UNITED SCRAP LEAD CO., INC.",0504305,OHD018392928,1425 S DIXIE HWY PO BOX 25,TROY,45373,MIAMI,N,N,,+40.008889,-84.198611,09/14/21
05,WI,EAU CLAIRE MUNICIPAL WELL FIELD,0505164,WID980820054,SEC5 T27N R9W,EAU CLAIRE,54701,EAU CLAIRE,N,N,,44.853331,-91.503331,05/27/14
05,WI,FADROWSKI DRUM DISPOSAL,0505178,WID980901227,6800 S 27TH ST,FRANKLIN,53132,MILWAUKEE,N,N,,+42.920700,-87.952450,09/06/05
05,WI,NORTHERN ENGRAVING CO.,0505007,WID006183826,803 S BLACK RIVER ST,SPARTA,54656,MONROE,N,N,,43.934439,-090.814450,10/29/97
05,WI,OMEGA HILLS NORTH LANDFILL,0504952,WID000808568,W124 N9451 BOUNDARY ROAD,GERMANTOWN,53022,WASHINGTON,N,N,,43.194439,-88.072219,12/11/96
05,WI,"SCRAP PROCESSING CO., INC.",0505029,WID046536785,510 W ALLMAN,MEDFORD,54451,TAYLOR,N,N,,+45.145600,-90.352900,09/25/20
05,WI,TOMAH ARMORY,0505087,WID980610299,1MI NE OF LAKE TOMAH,TOMAH,54660,MONROE,N,N,,+43.992700,-90.500400,02/05/19
05,WI,TOMAH FAIRGROUNDS,0505142,WID980616841,1MI S OF LAKE TOMAH,TOMAH,54660,MONROE,N,N,,43.970811,-90.519839,08/20/01
05,WI,WASTE RESEARCH & RECLAMATION CO.,0505256,WID990829475,ROUTE 7,EAU CLAIRE,54701,EAU CLAIRE,N,N,,44.756669,-91.458339,02/05/93
05,WI,WHEELER PIT,0505115,WID980610620,CO TRK O & CO TRK J,LA PRAIRIE TOWNSHIP,53545,ROCK,N,N,,42.666669,-088.980550,04/20/04
06,AR,CECIL LINDSEY,0600151,ARD980496186,SEC 32 T12N R2W,NEWPORT,72112,JACKSON,N,N,,+35.634900,-91.225500,09/22/89
06,AR,FRIT INDUSTRIES,0600106,ARD059636456,INDUSTRIAL PARK,WALNUT RIDGE,72476,LAWRENCE,N,N,,+36.105000,-90.941669,10/14/97
06,AR,GURLEY PIT,0600077,ARD035662469,1 MI N OF EDMONDSON,EDMONDSEN,72332,CRITTENDEN,N,N,,+35.120900,-90.311600,11/06/03
06,AR,INDUSTRIAL WASTE CONTROL,0600163,ARD980496368,BONANZA ROAD,FORT SMITH,72916,SEBASTIAN,N,N,,+35.240200,-94.352500,04/07/08
06,AR,JACKSONVILLE MUNICIPAL LANDFILL,0600236,ARD980809941,GRAHAM RD,JACKSONVILLE,72076,LONOKE,N,N,,34.863331,-92.071661,03/14/00
06,AR,MONROE AUTO EQUIPMENT CO. (PARAGOULD PIT),0600246,ARD980864110,HWY 358 2 1/2 MI W OF TOWN,PARAGOULD,72450,GREENE,N,N,,36.020831,-90.575000,09/29/14
06,AR,ROGERS ROAD MUNICIPAL LANDFILL,0600269,ARD981055809,ROGER RD 2/10MI S OF GRAHAM RD,JACKSONVILLE,72076,PULASKI,N,N,,+34.862700,-92.077800,10/12/10
06,AR,SOUTH 8TH STREET LANDFILL,0600184,ARD980496723,SOUTH EIGHTH STREET,WEST MEMPHIS,72301,CRITTENDEN,N,N,,35.124444,-90.169444,09/28/04
06,LA,BAYOU SORREL,0600573,LAD980745541,CNFLNCE PAT BAYOU & UPR GRAND,BAYOU SORREL,70764,IBERVILLE,N,N,,+30.224400,-91.409500,09/29/97
06,LA,CENTRAL WOOD PRESERVING CO.,0604527,LAD008187940,N AND S OF STATE HW 959 & EAST OF HW 67,SLAUGHTER,70722,EAST FELICIANA,N,N,,30.758889,-91.009444,09/18/09
06,LA,CLEVE REBER,0600512,LAD980501456,SEC 36 T10S R3E,SORRENTO,70778,ASCENSION,N,N,,+30.155000,-90.873339,12/30/97
06,LA,"D.L. MUD, INC.",0600647,LAD981058019,408 SOUTHEAST ST./LA HWY 335,ABBEVILLE,70510,VERMILION,N,N,,+29.955500,-92.186700,03/07/00
06,LA,DELATTE METALS,0600428,LAD052510344,1541 WEINBERGER ROAD,PONCHATOULA,70454,TANGIPAHOA,N,N,,+30.422500,-90.410833,08/08/05
06,LA,DUTCHTOWN TREATMENT PLANT,0600633,LAD980879449,I10 & HWY 74,ASCENSION PARISH,70734,ASCENSION,N,N,,30.256669,-90.980000,11/16/99
06,LA,GULF COAST VACUUM SERVICES,0600592,LAD980750137,P-7-31 OFF LA335,ABBEVILLE,70510,VERMILION,N,N,,+29.958100,-92.185700,07/23/01
06,LA,MALLARD BAY LANDING BULK PLANT,0604848,LA0000187518,0.6 MI. FROM CAMERON PARISH RD (PR) 109,GRAND CHENIERE,70542,CAMERON,N,N,,29.934014,-92.655469,09/19/05
06,LA,OLD INGER OIL REFINERY,0600572,LAD980745533,HWY 75 4 1/2 MI N OF TOWN,DARROW,70725,ASCENSION,N,N,,+30.164700,-90.995500,08/12/08
06,LA,"PAB OIL & CHEMICAL SERVICE, INC.",0600576,LAD980749139,"Approx. 3 miles north of Abbeville, LA on US 167",ABBEVILLE,70510,VERMILION,N,N,,+30.015900,-92.115400,01/03/00
06,LA,RUSTON FOUNDRY,0604348,LAD985185107,1010 BOGAN STREET,ALEXANDRIA,71302,RAPIDES,N,N,,+31.297220,-92.439583,07/13/10
06,LA,SOUTHERN SHIPBUILDING,0601494,LAD008149015,999 CANULETTE ROAD,SLIDELL,70459,ST. TAMMANY,N,N,,+30.272500,-89.800833,06/16/98
06,NM,AT & SF (CLOVIS),0600827,NMD043158591,SEC 18 & 19 T2N R36E,CLOVIS,88101,CURRY,N,N,,34.378331,-103.211700,03/17/03
06,NM,CAL WEST METALS (USSBA),0604050,NMD097960272,I-25 & US60 & 85 W FRONTAGE,LEMITAR,87823,SOCORRO,Y,N,,34.163331,-106.920100,12/20/96
06,NM,CIMARRON MINING CORP.,0600897,NMD980749378,EAST OF HWY 380,CARRIZOZO,88301,LINCOLN,N,N,,+33.643469,-105.864700,09/30/20
06,NM,CLEVELAND MILL,0600952,NMD981155930,"FOREST ROUTE 804, 1.5 MI",SILVER CITY,88061,GRANT,N,N,,+32.862600,-108.255800,07/23/01
06,NM,PAGANO SALVAGE,0600907,NMD980749980,UNKNOWN,LOS LUNAS,87031,VALENCIA,N,N,,+34.789600,-106.720500,10/14/92
06,OK,COMPASS INDUSTRIES (AVERY DRIVE),0601258,OKD980620983,7600 W 26TH ST,TULSA,74107,TULSA,N,Y,The Muscogee (Creek) Nation (Current),36.126389,-96.083339,07/18/02
06,OK,DOUBLE EAGLE REFINERY CO.,0601029,OKD007188717,301 N RHODE ISLAND,OKLAHOMA CITY,73152,OKLAHOMA,N,N,,35.468331,-97.478331,08/21/08
06,OK,FOURTH STREET ABANDONED REFINERY,0601297,OKD980696470,22OO BLOCK NE 4TH,OKLAHOMA CITY,73117,OKLAHOMA,N,N,,35.470278,-97.473056,08/21/08
06,OK,IMPERIAL REFINING COMPANY,0605091,OK0002024099,EAST OF REFINERY ROAD/S. HWY 42,ARDMORE,73402,CARTER,N,Y,The Chickasaw Nation (Current),34.195486,-97.107931,09/19/13
06,OK,MOSLEY ROAD SANITARY LANDFILL,0601251,OKD980620868,MOSELEY RD BTWN NE 23 & NE 36,OKLAHOMA CITY,73117,OKLAHOMA,N,N,,+35.502500,-97.414861,09/26/13
06,OK,SAND SPRINGS PETROCHEMICAL COMPLEX,0601357,OKD980748446,2 BLKS S 198 E MORRO,SAND SPRINGS,74063,TULSA,N,Y,The Muscogee (Creek) Nation (Current),36.130831,-96.101389,03/17/00
06,OK,TENTH STREET DUMP/JUNKYARD,0601256,OKD980620967,3200 NE 10TH ST,OKLAHOMA CITY,73111,OKLAHOMA,N,N,,+35.478050,-97.451939,11/21/00
06,OK,TULSA FUEL AND MANUFACTURING,0604674,OKD987096195,1.3 MILES SOUTH OF DOWNTOWN COLLINSVILLE WEST SIDE OF OLD U.S. HWY 169,COLLINSVILLE,74021,TULSA,N,Y,Cherokee Nation (Current),+36.346250,-95.848611,09/30/20
06,TX,BAILEY WASTE DISPOSAL,0602911,TXD980864649,HWY 87 S @ RAINBOW BRIDGE,BRIDGE CITY,77611,ORANGE,N,N,,+29.990550,-93.879169,10/15/07
06,TX,"BIO-ECOLOGY SYSTEMS, INC.",0602464,TXD980340889,4100 E JEFFERSON,GRAND PRAIRIE,75051,DALLAS,N,N,,32.743331,-96.936669,08/05/96
06,TX,"BRIO REFINING, INC.",0602601,TXD980625453,2501 DIXIE FARM ROAD,FRIENDSWOOD,77089,HARRIS,N,N,,+29.570000,-95.203331,12/28/06
06,TX,CRYSTAL CITY AIRPORT,0602920,TXD980864763,101 E DIMMIT,CRYSTAL CITY,78839,ZAVALA,N,N,,+28.696900,-99.817600,03/23/95
06,TX,"DIXIE OIL PROCESSORS, INC.",0600006,TXD089793046,2505 CHOATE RD,FRIENDSWOOD,77546,HARRIS,N,N,,+29.568600,-95.204700,08/21/06
06,TX,HARRIS (FARLEY STREET),0602804,TXD980745582,1000'S OF GENOA RED BLUFF RD,HOUSTON,77034,HARRIS,N,N,,+29.624400,-95.162700,04/18/88
06,TX,ODESSA CHROMIUM #2 (ANDREWS HIGHWAY),0602703,TXD980697114,5201 ANDREWS HWY,ODESSA,79762,ECTOR,N,N,,+31.893400,-102.390500,07/19/04
06,TX,OLD ESCO MANUFACTURING,0602482,TXD980513808,500 FORRESTER STREET,GREENVILLE,75401,HUNT,N,N,,+33.138300,-96.075500,09/10/18
06,TX,PALMER BARGE LINE,0605212,TXD068104561,8700 FERRY ROAD,PORT ARTHUR,77640,JEFFERSON,N,N,,29.961453,-93.855083,02/06/12
06,TX,PESSES CHEMICAL CO.,0602800,TXD980699656,2301 S MAIN ST,FORT WORTH,76110,TARRANT,N,N,,+32.717400,-97.325600,09/28/95
06,TX,RIVER CITY METAL FINISHING,0606915,TXN000606915,12040 POTRANCO ROAD,SAN ANTONIO,78253,BEXAR,N,N,,+29.430489,-98.731875,02/22/23
06,TX,STATE MARINE OF PORT ARTHUR,0602444,TXD099801102,OLD YATCH CLUB ROAD ON PLEASURE ISLET,JEFFERSON COUNTY,77642,JEFFERSON,N,N,,29.960833,-93.859167,02/06/12
06,TX,"STEWCO, INC.",0602033,TXD055337281,FM 9 1 & 1/2 MI S OF I-20,WASKOM,75692,HARRISON,N,N,,32.465831,-94.069169,10/04/95
06,TX,TRIANGLE CHEMICAL CO.,0602026,TXD055143705,HWY 87 3 MI N OF TOWN,BRIDGE CITY,77611,ORANGE,N,N,,+30.058000,-93.809300,04/08/97
07,IA,AIDEX CORP.,0700155,IAD042581256,I-29 & HIGHWAY 370,MINEOLA,51554,MILLS,N,N,,+41.143839,-95.813556,10/21/93
07,IA,"E.I. DU PONT DE NEMOURS & CO., INC. (COUNTY ROAD X23)",0700312,IAD980685804,FF X23 3.5 MI S OF,WEST POINT,52656,LEE,N,N,,+40.656467,-91.432639,09/25/95
07,IA,"ELECTRO-COATINGS, INC.",0700094,IAD005279039,911 SHAVER RD NE,CEDAR RAPIDS,52402,LINN,N,N,,+41.995300,-91.671389,09/12/19
07,IA,FARMERS' MUTUAL COOPERATIVE,0700137,IAD022193577,HWY 60 & PINE ST,HOSPERS,51238,SIOUX,N,N,,43.074169,-95.905000,11/13/01
07,IA,JOHN DEERE (OTTUMWA WORKS LANDFILLS),0700110,IAD005291182,VINE & MADISON,OTTUMWA,52501,WAPELLO,N,N,,+41.002500,-92.409719,01/22/01
07,IA,LABOUNTY,0700286,IAD980631063,910 S GRAND AVE,CHARLES CITY,50616,FLOYD,N,N,,+43.058000,-92.669600,10/06/93
07,IA,MID-AMERICA TANNING CO.,0700204,IAD085824688,PORT NEAL ROAD,SERGEANT BLUFF,51054,WOODBURY,N,N,,+42.337500,-96.352219,09/24/04
07,IA,NORTHWESTERN STATES PORTLAND CEMENT CO.,0700324,IAD980852461,SEC 33 T97N R20W,MASON CITY,50401,CERRO GORDO,N,N,,+43.175000,-93.205000,08/31/95
07,IA,RED OAK CITY LANDFILL,0700297,IAD980632509,US 34 HWY 48 1 MI W ON HWY 34,RED OAK,51566,MONTGOMERY,N,N,,41.036444,-95.249111,09/26/05
07,IA,SHELLER-GLOBE CORP. DISPOSAL,0700260,IAD980630750,AIRPORT RD (34OTH ST) AND 260TH AVENUE,KEOKUK,52632,LEE,N,N,,+40.466600,-91.413900,09/24/01
07,IA,WHITE FARM EQUIPMENT CO. DUMP,0700181,IAD065210734,S.E. CORNER OF KELLOGG AVENUE AND ROTARY PARK ROAD,CHARLES CITY,50616,FLOYD,N,N,,+43.085000,-92.680781,10/30/00
07,KS,29TH & MEAD GROUND WATER CONTAMINATION,0700496,KSD007241656,412 E 29TH N 26S 1E SW 1/4 S 33,WICHITA,67219,SEDGWICK,N,N,,+37.735692,-97.333250,04/29/96
07,KS,ARKANSAS CITY DUMP,0700559,KSD980500789,HWY 166 S,ARKANSAS CITY,67005,COWLEY,N,N,,+37.056317,-97.050025,03/01/96
07,KS,BIG RIVER SAND CO.,0700663,KSD980686174,4900 W 21ST,WICHITA,67205,SEDGWICK,N,N,,+37.727839,-97.400417,10/14/92
07,KS,HYDRO-FLEX INC.,0700468,KSD007135429,2101 NW BRICKYARD RD,TOPEKA,66618,SHAWNEE,N,N,,+39.087078,-95.725792,11/09/93
07,KS,JOHNS' SLUDGE POND,0700602,KSD980631980,29TH ST NE OF HYDRAULIC,WICHITA,67212,SEDGWICK,N,N,,+37.736936,-97.316475,01/06/92
07,MO,ANNAPOLIS LEAD MINE,0702917,MO0000958611,EAST SIDE OF IRON COUNTY ROAD 138 APPROX. 3/8 MILE NO. OF MO STATE HWY 49,ANNAPOLIS,63620,IRON,N,Y,"Absentee-Shawnee Tribe of Indians of Oklahoma (Current); Cherokee Nation (Current); Delaware Nation, Oklahoma (Current); Delaware Tribe of Indians (Current); Eastern Shawnee Tribe of Oklahoma (Current); Quapaw Nation (Current); Shawnee Tribe (Current); The Osage Nation (Current)",+37.355556,-90.675000,09/30/20
07,MO,KEM-PEST LABORATORIES,0701151,MOD980631113,E OF ST HWY 177,CAPE GIRARDEAU,63701,CAPE GIRARDEAU,N,N,,37.339611,-89.489444,09/20/01
07,MO,NORTH-U DRIVE WELL CONTAMINATION,0700878,MOD007163108,OLD HWY 13 RT 5,SPRINGFIELD,65801,GREENE,N,N,,37.271389,-93.317781,09/08/94
07,MO,SHENANDOAH STABLES,0701266,MOD980685838,W 1/2 NE 1/4 SEC 17 T48N R1E,MOSCOW MILLS,63362,LINCOLN,N,N,,+38.924450,-90.926939,09/25/01
07,MO,TIMES BEACH,0701237,MOD980685226,VARIOUS UNPAVED STREETS,TIMES BEACH,63025,ST. LOUIS,N,N,,38.508339,-90.601669,09/25/01
07,MO,"WHEELING DISPOSAL SERVICE CO., INC., LANDFILL",0700780,MOD000830554,OFF HWY K 1 1/2 MI S OF,AMAZONIA,64421,ANDREW,N,N,,+39.875000,-94.870000,10/30/00
07,NE,WAVERLY GROUND WATER CONTAMINATION,0701974,NED980862718,SEC 16 T11N R8E,WAVERLY,68462,LANCASTER,N,N,,40.917219,-96.529439,11/20/06
08,CO,SAND CREEK INDUSTRIAL,0800260,COD980717953,33RD AND DAHLIA,COMMERCE CITY,80022,ADAMS,N,N,,+39.788216,-104.924898,12/20/96
08,CO,SMUGGLER MOUNTAIN,0800261,COD980806277,SPRUCE STREET,ASPEN,81611,PITKIN,N,N,,+39.193693,-106.809840,09/23/99
08,CO,WOODBURY CHEMICAL CO.,0800244,COD980667075,5400 JACKSON ST,COMMERCE CITY,80022,ADAMS,N,N,,+39.795025,-104.945326,03/22/93
08,ND,ARSENIC TRIOXIDE SITE,0800522,NDD980716963,"LIDGERWOOD, RUTLND, WYNDMERE",SOUTHEAST,58053,RICHLAND,N,Y,"Sisseton-Wahpeton Oyate of the Lake Traverse Reservation, South Dakota (Current)",+46.125412,-97.250832,07/05/96
08,ND,MINOT LANDFILL,0800527,NDD980959548,Burdick Expressway W and US Highway 2 and 52 W,MINOT,58701,WARD,N,N,,+48.217637,-101.326255,04/01/97
08,SD,WHITEWOOD CREEK,0800570,SDD980717136,18 MI PART OF STREAM,WHITEWOOD,57793,LAWRENCE,N,Y,"Cheyenne River Sioux Tribe of the Cheyenne River Reservation, South Dakota (Current)",+44.548960,-103.555723,08/13/96
08,SD,WILLIAMS PIPE LINE CO. DISPOSAL PIT,0800546,SDD000823559,5300 W 12TH ST,SIOUX FALLS,57107,MINNEHAHA,N,N,,+43.545281,-96.795869,04/02/99
08,UT,DAVENPORT AND FLAGSTAFF SMELTERS,0801257,UTD988075719,1 MILE W OF INTERSECTION USH 209 AND 210,SANDY,84092,SALT LAKE,N,N,,+40.573611,-111.791944,07/27/18
08,UT,EUREKA MILLS,0801644,UT0002240158,1.25 MILE W OF THE UTAH-JUAB COUNTY LINE,EUREKA,84628,JUAB,N,N,,+39.955556,-112.115556,09/25/18
08,UT,INTERMOUNTAIN WASTE OIL REFINERY,0801545,UT0001277359,995 SOUTH 500 WEST,BOUNTIFUL,84010,DAVIS,N,N,,+40.879444,-111.889444,09/20/19
08,UT,INTERNATIONAL SMELTING AND REFINING,0800650,UTD093120921,2.5 MILES NE OF TOOELE,TOOELE,84074,TOOELE,N,N,,+40.552690,-112.227965,10/11/11
08,UT,MIDVALE SLAG,0800641,UTD081834277,"JORDAN RIVER, 6400 SOUTH, 700 WEST",MIDVALE,84047,SALT LAKE,N,N,,+40.621540,-111.916014,04/08/15
08,UT,MONTICELLO RADIOACTIVELY CONTAMINATED PROPERTIES,0800679,UTD980667208,9 N 3RD E ST,MONTICELLO,84535,SAN JUAN,N,N,,+37.871092,-109.337034,02/28/00
08,UT,PETROCHEM RECYCLING CORP./EKOTEK PLANT,0800649,UTD093119196,1628 N CHICAGO ST,SALT LAKE CITY,84116,SALT LAKE,N,N,,+40.803190,-111.917713,06/30/03
08,UT,ROSE PARK SLUDGE PIT,0800663,UTD980635452,1420 N 1100 W,SALT LAKE CITY,84116,SALT LAKE,N,N,,+40.799952,-111.922880,06/30/03
08,UT,SHARON STEEL CORP. (MIDVALE TAILINGS),0800694,UTD980951388,"7800 SOUTH, 700 WEST",MIDVALE,84047,SALT LAKE,N,N,,+40.607022,-111.910576,09/24/04
08,WY,BAXTER/UNION PACIFIC TIE TREATING,0800792,WYD061112470,2763 FT SANDERS DR,LARAMIE,82070,ALBANY,N,N,,+41.295174,-105.603235,12/06/99
08,WY,MYSTERY BRIDGE RD/U.S. HIGHWAY 20,0800852,WYD981546005,"U.S.HWY 20,28 & MYSTERY BR. RD",EVANSVILLE,82636,NATRONA,N,N,,+42.860581,-106.228800,09/20/19
09,AS,TAPUTIMU FARM,0900467,ASD980637656,TAPUTIMU ISLAND OF TUTUILA,PAGO PAGO,96799,,N,N,,-14.360100,-170.772000,03/07/86
09,AZ,LUKE AIR FORCE BASE,0900884,AZ0570024133,S RT 8 YUMA THRU GILA BEND,GLENDALE,85309,MARICOPA,Y,N,,+33.540000,-112.356700,04/22/02
09,AZ,MOUNTAIN VIEW MOBILE HOME ESTATES,0900679,AZD980735724,RTE 77,GLOBE,85501,GILA,N,N,,+33.372800,-110.733200,04/18/88
09,AZ,NINETEENTH AVENUE LANDFILL,0900648,AZD980496780,19TH AVE,PHOENIX,85041,MARICOPA,N,N,,33.416669,-112.091700,09/25/06
09,CA,BECKMAN INSTRUMENTS (PORTERVILLE PLANT),0901391,CAD048645444,167 W POPLAR AVE,PORTERVILLE,93257,TULARE,N,N,,+36.049000,-119.020100,03/22/22
09,CA,CELTOR CHEMICAL WORKS,0901938,CAD980638860,BETW NORTON FLD & TRINITY RIV,HOOPA,95546,HUMBOLDT,N,Y,"Hoopa Valley Tribe, California (Current)",+41.102700,-123.691100,09/30/03
09,CA,COALINGA ASBESTOS MINE,0902075,CAD980817217,PINE CYN 15 MI NW OF,COALINGA,93210,FRESNO,N,N,,+36.310000,-120.528300,04/24/98
09,CA,DEL NORTE PESTICIDE STORAGE,0900923,CAD000626176,2650 WASHINGTON BLVD,CRESCENT CITY,95531,DEL NORTE,N,N,,41.773331,-124.231700,09/18/02
09,CA,FIRESTONE TIRE & RUBBER CO. (SALINAS PLANT),0902617,CAD990793887,340 EL CAMINO REAL S,SALINAS,93901,MONTEREY,N,N,,+36.624900,-121.590100,04/21/05
09,CA,INTEL CORP. (SANTA CLARA III),0902632,CAT000612184,2880 NORTHWESTERN PKWY,SANTA CLARA,95051,SANTA CLARA,N,N,,+37.373700,-121.971700,09/24/19
09,CA,JASCO CHEMICAL CORP.,0901126,CAD009103318,1710 VILLA ST,MOUNTAIN VIEW,94041,SANTA CLARA,N,N,,+37.398800,-122.088200,09/30/20
09,CA,JIBBOOM JUNKYARD,0902040,CAD980737613,240 - 260 JIBBOOM ST,SACRAMENTO,95814,SACRAMENTO,N,N,,38.591669,-121.503300,09/10/91
09,CA,LIQUID GOLD OIL CORP.,0902660,CAT000646208,HOFFMAN BLVD & S 47TH ST,RICHMOND,94804,CONTRA COSTA,N,N,,37.908333,-122.325000,09/11/96
09,CA,LOUISIANA-PACIFIC CORP.,0901513,CAD065021594,HWY 70 GEORGIA PACIFIC WAY,OROVILLE,95965,BUTTE,N,N,,+39.474300,-121.570300,11/21/96
09,CA,MGM BRAKES,0900899,CAD000074120,HWY 101 & SANTANA RD,CLOVERDALE,95425,SONOMA,N,N,,+38.784000,-123.010900,09/16/19
09,CA,RALPH GRAY TRUCKING CO.,0902521,CAD981995947,SOWELL AVE & GOLDEN WEST ST,WESTMINSTER,92683,ORANGE,N,N,,+33.750000,-118.000000,09/28/04
09,CA,SAN FERNANDO VALLEY (AREA 3),0902254,CAD980894984,GLORIETTA WELLFIELD AREA,GLENDALE,91352,LOS ANGELES,N,N,,34.227600,-118.413500,10/12/04
09,CA,"SOLA OPTICAL USA, INC.",0902280,CAD981171523,3600 LAKEVILLE HWY,PETALUMA,94952,SONOMA,N,N,,+38.233200,-122.593100,10/31/13
09,CA,SOUTHERN CALIFORNIA EDISON CO. (VISALIA POLEYARD),0902061,CAD980816466,432 BEN MADDOX WAY,VISALIA,93292,TULARE,N,N,,36.333331,-119.276700,09/26/09
09,CA,T.H. AGRICULTURE & NUTRITION CO.,0901128,CAD009106220,7183 E MCKINLEY AVE,FRESNO,93727,FRESNO,N,N,,36.764728,-119.660501,08/21/06
09,CA,WESTERN PACIFIC RAILROAD CO.,0902249,CAD980894679,SEC 19 T19N R4E 2 MI S OF,OROVILLE,95965,BUTTE,N,N,,39.483061,-121.552500,08/29/01
09,FM,PCB WASTES,0903062,FMD980637987,"PALAU,YAP,TRUK,PONAPE,KOSARE",PALAU,96942,,N,N,,7.416667,151.783722,03/07/86
09,HI,SCHOFIELD BARRACKS (USARMY),0902923,HI7210090026,SCHOFIELD BARRACKS (USARMY),SCHOFIELD,96857,HONOLULU,Y,N,,21.490694,-158.030139,08/10/00
09,MP,PCB WAREHOUSE,0902806,MPD980798318,LOWER BASE 1000/PHILIPINE SEA,GARAPAN,96950,SAIPAN,N,N,,15.200000,145.750000,03/07/86
10,AK,ALASKA BATTERY ENTERPRISES,1000017,AKD004904215,157 OLD RICHARDSON HIGHWAY,FAIRBANKS,99701,FAIRBANKS NORTH STAR,N,N,,+64.820300,-147.703800,07/26/96
10,AK,ARCTIC SURPLUS,1000082,AKD980988158,BADGER RD AND OLD RICHARDSON WAY MI. 6,FAIRBANKS,99701,,N,N,,+64.812200,-147.564300,09/25/06
10,AK,STANDARD STEEL & METALS SALVAGE YARD (USDOT),1000073,AKD980978787,2400 RAILROAD AVENUE,ANCHORAGE,99501,ANCHORAGE,Y,N,,+61.227900,-149.832400,09/30/02
10,ID,ARRCOM (DREXLER ENTERPRISES),1000174,IDD000800961,20253 W. Highway 53,RATHDRUM,83858,KOOTENAI,N,N,,+47.784700,-116.945800,12/23/92
10,ID,PACIFIC HIDE & FUR RECYCLING CO.,1000219,IDD098812878,3575 HWY 30 W,POCATELLO,83201,BANNOCK,N,Y,Shoshone-Bannock Tribes of the Fort Hall Reservation (Current),+42.895700,-112.486000,11/04/99
10,ID,UNION PACIFIC RAILROAD CO.,1000201,IDD055030852,300 S HARRISON,POCATELLO,83201,BANNOCK,N,Y,Shoshone-Bannock Tribes of the Fort Hall Reservation (Current),+42.895400,-112.487600,09/22/97
10,OR,"ALLIED PLATING, INC.",1000373,ORD009051442,8135 NE Martin Luther King Jr Boulevard,PORTLAND,97211,MULTNOMAH,N,N,,+45.583331,-122.661700,11/14/94
10,OR,"GOULD, INC.",1000455,ORD095003687,5909 NW 61ST AV,PORTLAND,97208,MULTNOMAH,N,Y,Confederated Tribes and Bands of the Yakama Nation (Current),+45.569200,-122.748300,09/30/02
10,OR,HARBOR OIL INC.,1000442,ORD071803985,AKA CHEMPRO OF OREGON INC 11535 N FORCE ST,PORTLAND,97217,MULTNOMAH,N,Y,Confederated Tribes and Bands of the Yakama Nation (Current),+45.606389,-122.691389,06/05/14
10,OR,JOSEPH FOREST PRODUCTS,1000438,ORD068782820,RUSSELL LANE 1 MI OFF HWY 82,JOSEPH,97846,WALLOWA,N,N,,+45.359439,-117.247200,11/04/99
10,OR,MARTIN-MARIETTA ALUMINUM CO.,1000424,ORD052221025,3313 W 2ND ST,THE DALLES,97058,WASCO,N,N,,+45.624439,-121.205600,07/05/96
10,WA,ALCOA (VANCOUVER SMELTER),1000597,WAD009045279,5509 LOWER RIVER RD,VANCOUVER,98660,CLARK,N,N,,+45.649439,-122.731800,09/30/96
10,WA,AMERICAN CROSSARM & CONDUIT CO.,1000753,WAD057311094,99 CHEHALIS AV SW,CHEHALIS,98532,LEWIS,N,Y,Confederated Tribes of the Chehalis Reservation (Current),+46.656939,-122.968900,09/30/20
10,WA,BONNEVILLE POWER ADMINISTRATION ROSS COMPLEX (USDOE),1001106,WA1891406349,5411 NE HWY 99,VANCOUVER,98666,CLARK,Y,N,,+45.661600,-122.657200,09/23/96
10,WA,FORT LEWIS (LANDFILL NO. 5),1001137,WA9214053465,ATTN: AFZH-FEQ 11 MI E OF OLYMPIA,TACOMA,98433,PIERCE,Y,Y,Nisqually Indian Tribe (Current),+47.119419,-122.630000,05/22/95
10,WA,"FRONTIER HARD CHROME, INC.",1000744,WAD053614988,113 Y ST,VANCOUVER,98661,CLARK,N,N,,+45.621500,-122.644000,08/06/18
10,WA,HAMILTON ISLAND LANDFILL (USA/COE),1001123,WA5210890096,BONNEVILLE LOCK & DAM,NORTH BONNEVILLE,98648,SKAMANIA,Y,N,,+45.629583,-121.985000,05/25/95
10,WA,HANFORD 1100-AREA (USDOE),1001118,WA4890090075,1100 AREA,BENTON COUNTY,99352,BENTON,Y,Y,Confederated Tribes and Bands of the Yakama Nation (Current); Confederated Tribes of the Umatilla Indian Reservation (Current); Nez Perce Tribe (Current),+46.323100,-119.284800,09/30/96
10,WA,MCCHORD AIR FORCE BASE (WASH RACK/TREATMENT AREA),1001133,WA8570024200,MERIDIAN ST - 62ABG/DEEV,TACOMA,98438,PIERCE,Y,Y,Puyallup Tribe of the Puyallup Reservation (Current),+47.141111,-122.488900,09/26/96
10,WA,"NAVAL AIR STATION, WHIDBEY ISLAND (SEAPLANE BASE)",1001127,WA6170090058,1 MI NE OF E PIONEER WAY & TORPEDO INTSC,WHIDBEY ISLAND,98278,ISLAND,Y,Y,Swinomish Indian Tribal Community (Current),+48.299450,-122.613300,09/21/95
10,WA,NORTHSIDE LANDFILL,1000836,WAD980511778,W 5502 NINEMILE RD,SPOKANE,99208,SPOKANE,N,N,,+47.727500,-117.482800,09/30/20
10,WA,NORTHWEST TRANSFORMER,1001003,WAD980833974,6882 MISSION ST,EVERSON,98247,WHATCOM,N,Y,Nooksack Indian Tribe (Current),+48.890500,-122.353400,09/28/99
10,WA,NORTHWEST TRANSFORMER (SOUTH HARKNESS STREET),1000682,WAD027315621,107 S HARKNESS,EVERSON,98247,WHATCOM,N,Y,Nooksack Indian Tribe (Current),+48.919700,-122.343100,09/26/97
10,WA,OLD INLAND PIT,1001074,WAD980982557,N SULLIVAN RD & KIERNAN RD,SPOKANE,99216,SPOKANE,N,N,,+47.689719,-117.198300,08/31/99
10,WA,PESTICIDE LAB (YAKIMA),1000815,WAD120513957,3706 W NOB HILL RD,YAKIMA,98902,YAKIMA,N,Y,Confederated Tribes and Bands of the Yakama Nation (Current),+46.584600,-120.555600,09/01/93
10,WA,PORT HADLOCK DETACHMENT (USNAVY),1001117,WA4170090001,Postal Address is unavailable for the Site,INDIAN ISLAND,98358,JEFFERSON,Y,N,,+48.083471,-122.729583,06/14/05
10,WA,SILVER MOUNTAIN MINE,1000948,WAD980722789,"SEC 34, T38N, R26E, WM",LOOMIS,98827,OKANOGAN,N,N,,+48.745000,-119.557000,09/22/97
10,WA,SPOKANE JUNKYARD/ASSOCIATED PROPERTIES,1001090,WAD981767296,N 3322 COOK ST.,SPOKANE,99207,SPOKANE,N,Y,Kalispel Indian Community of the Kalispel Reservation (Current),+47.689444,-117.370820,09/23/97
10,WA,TOFTDAHL DRUMS,1000961,WAD980723506,22033 NE 189 ST,BRUSH PRAIRIE,98606,CLARK,N,N,,+45.754900,-122.446400,12/23/88
10,WA,TULALIP LANDFILL,1000878,WAD980639256,TULALIP INDIAN RESERVATION,MARYSVILLE,98270,SNOHOMISH,N,Y,Tulalip Tribes of Washington (Current),+48.041667,-122.182222,09/18/02
10,WA,VANCOUVER WATER STATION #1 CONTAMINATION,1001733,WAD988519708,E. RESERVE AND N.E. FOURTH PLAIN BLVD.,VANCOUVER,98663,CLARK,N,N,,+45.638471,-122.645417,02/06/18
10,WA,VANCOUVER WATER STATION #4 CONTAMINATION,1001371,WAD988475158,5TH + BLANDFORD ST,VANCOUVER,98661,CLARK,N,N,,+45.619500,-122.622472,02/06/18
10,WA,YAKIMA PLATING CO.,1000705,WAD040187890,1804 S 3RD AV,YAKIMA,98902,YAKIMA,N,Y,Confederated Tribes and Bands of the Yakama Nation (Current),+46.572300,-120.508900,08/23/94
